txn_id,account_id,txn_type,amount,location,timestamp
TXN0001,ACC1024,Deposit,77021,Pune,2025-06-23T09:50:00
TXN0002,ACC1048,Transfer,174804,Delhi,2025-06-06T13:21:00
TXN0003,ACC1074,Deposit,77516,Kolkata,2025-06-01T12:25:00
TXN0004,ACC1043,Deposit,68998,Kolkata,2025-06-24T00:34:00
TXN0005,ACC1031,Transfer,85358,Pune,2025-06-25T10:47:00
TXN0006,ACC1088,Transfer,120028,Delhi,2025-06-28T02:41:00
TXN0007,ACC1026,Transfer,53720,Delhi,2025-06-13T12:30:00
TXN0008,ACC1032,Withdrawal,19491,Bangalore,2025-06-03T03:51:00
TXN0009,ACC1012,Deposit,33148,Mumbai,2025-06-01T19:36:00
TXN0010,ACC1072,Transfer,183817,Bangalore,2025-06-24T03:19:00
TXN0011,ACC1009,Withdrawal,7086,Chennai,2025-06-09T14:47:00
TXN0012,ACC1067,Withdrawal,10127,Jaipur,2025-06-17T18:45:00
TXN0013,ACC1002,Withdrawal,7258,Hyderabad,2025-06-09T14:58:00
TXN0014,ACC1038,Transfer,199945,Bangalore,2025-06-21T23:24:00
TXN0015,ACC1049,Transfer,56192,Bangalore,2025-06-09T04:49:00
TXN0016,ACC1066,Withdrawal,7294,Mumbai,2025-06-18T20:05:00
TXN0017,ACC1014,Transfer,104074,Jaipur,2025-06-22T20:30:00
TXN0018,ACC1078,Withdrawal,12382,Kolkata,2025-06-21T06:22:00
TXN0019,ACC1024,Withdrawal,12743,Jaipur,2025-06-28T09:57:00
TXN0020,ACC1097,Withdrawal,17850,Mumbai,2025-06-16T08:48:00
TXN0021,ACC1053,Deposit,59884,Mumbai,2025-06-28T15:56:00
TXN0022,ACC1020,Deposit,52090,Chennai,2025-06-02T06:32:00
TXN0023,ACC1040,Transfer,133286,Pune,2025-06-05T23:07:00
TXN0024,ACC1016,Withdrawal,11248,Kolkata,2025-06-20T22:36:00
TXN0025,ACC1036,Transfer,175861,Bangalore,2025-06-14T13:24:00
TXN0026,ACC1066,Withdrawal,9464,Pune,2025-06-18T20:47:00
TXN0027,ACC1053,Deposit,42703,Hyderabad,2025-06-14T17:22:00
TXN0028,ACC1072,Transfer,172842,Kolkata,2025-06-04T17:49:00
TXN0029,ACC1028,Transfer,135884,Jaipur,2025-06-14T14:32:00
TXN0030,ACC1002,Transfer,21813,Pune,2025-06-07T10:14:00
TXN0031,ACC1085,Withdrawal,14322,Hyderabad,2025-06-15T15:12:00
TXN0032,ACC1014,Withdrawal,17919,Delhi,2025-06-14T14:53:00
TXN0033,ACC1022,Deposit,17401,Jaipur,2025-06-10T04:43:00
TXN0034,ACC1079,Deposit,47923,Chennai,2025-06-26T03:50:00
TXN0035,ACC1097,Withdrawal,7379,Chennai,2025-06-19T04:05:00
TXN0036,ACC1093,Deposit,63369,Hyderabad,2025-06-15T16:03:00
TXN0037,ACC1026,Transfer,73330,Chennai,2025-06-21T19:19:00
TXN0038,ACC1051,Deposit,13104,Hyderabad,2025-06-22T13:38:00
TXN0039,ACC1085,Transfer,122259,Jaipur,2025-06-15T16:47:00
TXN0040,ACC1031,Withdrawal,1762,Hyderabad,2025-06-18T16:04:00
TXN0041,ACC1042,Transfer,103572,Hyderabad,2025-06-28T04:54:00
TXN0042,ACC1045,Transfer,198123,Delhi,2025-06-01T09:07:00
TXN0043,ACC1033,Transfer,83172,Chennai,2025-06-22T09:34:00
TXN0044,ACC1064,Transfer,27104,Hyderabad,2025-06-21T17:32:00
TXN0045,ACC1015,Transfer,58281,Chennai,2025-06-23T03:11:00
TXN0046,ACC1041,Deposit,46315,Mumbai,2025-06-20T18:48:00
TXN0047,ACC1005,Withdrawal,10716,Delhi,2025-06-13T09:43:00
TXN0048,ACC1074,Deposit,99508,Pune,2025-06-10T06:09:00
TXN0049,ACC1066,Deposit,30238,Mumbai,2025-06-05T17:45:00
TXN0050,ACC1032,Transfer,113549,Hyderabad,2025-06-11T10:47:00
TXN0051,ACC1065,Withdrawal,15330,Jaipur,2025-06-06T04:50:00
TXN0052,ACC1057,Transfer,165900,Mumbai,2025-06-23T14:14:00
TXN0053,ACC1080,Withdrawal,8864,Chennai,2025-06-03T13:04:00
TXN0054,ACC1100,Deposit,40479,Delhi,2025-06-06T17:24:00
TXN0055,ACC1046,Withdrawal,12984,Jaipur,2025-06-06T03:01:00
TXN0056,ACC1073,Transfer,33702,Jaipur,2025-06-02T06:30:00
TXN0057,ACC1088,Transfer,172999,Hyderabad,2025-06-23T02:42:00
TXN0058,ACC1076,Withdrawal,6847,Kolkata,2025-06-02T01:38:00
TXN0059,ACC1070,Deposit,92825,Jaipur,2025-06-04T15:18:00
TXN0060,ACC1085,Transfer,171757,Bangalore,2025-06-01T09:17:00
TXN0061,ACC1078,Deposit,62686,Chennai,2025-06-27T10:44:00
TXN0062,ACC1025,Deposit,16953,Bangalore,2025-06-30T03:24:00
TXN0063,ACC1018,Deposit,96418,Mumbai,2025-06-30T20:21:00
TXN0064,ACC1054,Withdrawal,4151,Pune,2025-06-14T23:51:00
TXN0065,ACC1030,Transfer,58130,Kolkata,2025-06-06T06:36:00
TXN0066,ACC1093,Withdrawal,7329,Pune,2025-06-22T17:45:00
TXN0067,ACC1018,Transfer,21310,Pune,2025-06-05T09:05:00
TXN0068,ACC1042,Deposit,6625,Kolkata,2025-06-23T20:07:00
TXN0069,ACC1062,Transfer,121657,Bangalore,2025-06-28T11:52:00
TXN0070,ACC1092,Withdrawal,18918,Mumbai,2025-06-09T07:54:00
TXN0071,ACC1090,Deposit,42850,Jaipur,2025-06-08T17:04:00
TXN0072,ACC1046,Deposit,64854,Kolkata,2025-06-23T20:52:00
TXN0073,ACC1016,Deposit,21266,Jaipur,2025-06-13T15:15:00
TXN0074,ACC1068,Deposit,82853,Mumbai,2025-06-22T19:46:00
TXN0075,ACC1026,Withdrawal,5005,Kolkata,2025-06-01T16:14:00
TXN0076,ACC1081,Transfer,121308,Bangalore,2025-06-15T19:48:00
TXN0077,ACC1099,Transfer,140895,Kolkata,2025-06-13T00:27:00
TXN0078,ACC1022,Transfer,123449,Kolkata,2025-06-10T16:22:00
TXN0079,ACC1063,Deposit,25481,Chennai,2025-06-06T01:32:00
TXN0080,ACC1082,Transfer,89428,Chennai,2025-06-12T12:47:00
TXN0081,ACC1048,Deposit,49370,Mumbai,2025-06-19T21:40:00
TXN0082,ACC1033,Transfer,191373,Hyderabad,2025-06-23T07:05:00
TXN0083,ACC1024,Withdrawal,8231,Mumbai,2025-06-09T00:30:00
TXN0084,ACC1095,Withdrawal,7315,Bangalore,2025-06-16T11:42:00
TXN0085,ACC1086,Deposit,31993,Chennai,2025-06-01T05:50:00
TXN0086,ACC1024,Withdrawal,5881,Delhi,2025-06-11T12:08:00
TXN0087,ACC1020,Deposit,17728,Chennai,2025-06-08T05:37:00
TXN0088,ACC1020,Withdrawal,13943,Delhi,2025-06-12T17:23:00
TXN0089,ACC1043,Withdrawal,17297,Delhi,2025-06-26T19:29:00
TXN0090,ACC1004,Transfer,48016,Bangalore,2025-06-15T16:31:00
TXN0091,ACC1014,Deposit,19638,Kolkata,2025-06-10T21:12:00
TXN0092,ACC1076,Transfer,97927,Kolkata,2025-06-14T13:49:00
TXN0093,ACC1062,Transfer,38567,Kolkata,2025-06-01T08:54:00
TXN0094,ACC1032,Deposit,88214,Delhi,2025-06-13T20:24:00
TXN0095,ACC1083,Withdrawal,10332,Chennai,2025-06-24T05:24:00
TXN0096,ACC1091,Withdrawal,3960,Mumbai,2025-06-18T19:44:00
TXN0097,ACC1081,Withdrawal,12625,Bangalore,2025-06-29T03:56:00
TXN0098,ACC1026,Deposit,53257,Hyderabad,2025-06-01T17:46:00
TXN0099,ACC1085,Withdrawal,5635,Pune,2025-06-27T20:39:00
TXN0100,ACC1032,Transfer,113816,Bangalore,2025-06-05T17:46:00
TXN0101,ACC1065,Transfer,108047,Bangalore,2025-06-20T14:45:00
TXN0102,ACC1004,Transfer,194260,Chennai,2025-06-27T10:14:00
TXN0103,ACC1099,Withdrawal,1158,Bangalore,2025-06-26T21:29:00
TXN0104,ACC1003,Deposit,29006,Hyderabad,2025-06-17T06:52:00
TXN0105,ACC1012,Transfer,53957,Mumbai,2025-06-30T12:42:00
TXN0106,ACC1010,Deposit,99044,Pune,2025-06-05T06:04:00
TXN0107,ACC1091,Transfer,120338,Delhi,2025-06-02T23:40:00
TXN0108,ACC1020,Withdrawal,8088,Bangalore,2025-06-17T14:10:00
TXN0109,ACC1015,Transfer,174028,Jaipur,2025-06-18T06:42:00
TXN0110,ACC1022,Withdrawal,13306,Delhi,2025-06-29T10:35:00
TXN0111,ACC1048,Withdrawal,16281,Delhi,2025-06-27T11:07:00
TXN0112,ACC1051,Withdrawal,2670,Chennai,2025-06-24T17:24:00
TXN0113,ACC1078,Deposit,42645,Kolkata,2025-06-30T06:51:00
TXN0114,ACC1004,Transfer,28634,Hyderabad,2025-06-01T11:09:00
TXN0115,ACC1081,Deposit,27262,Jaipur,2025-06-13T11:38:00
TXN0116,ACC1054,Deposit,52789,Chennai,2025-06-26T11:03:00
TXN0117,ACC1032,Deposit,74444,Pune,2025-06-25T23:35:00
TXN0118,ACC1073,Withdrawal,11324,Chennai,2025-06-20T17:44:00
TXN0119,ACC1023,Transfer,164876,Jaipur,2025-06-27T20:05:00
TXN0120,ACC1049,Deposit,52504,Chennai,2025-06-14T16:06:00
TXN0121,ACC1011,Transfer,161785,Kolkata,2025-06-03T18:54:00
TXN0122,ACC1051,Withdrawal,5959,Chennai,2025-06-25T05:21:00
TXN0123,ACC1089,Transfer,114354,Jaipur,2025-06-07T08:34:00
TXN0124,ACC1076,Deposit,9568,Mumbai,2025-06-13T14:50:00
TXN0125,ACC1048,Withdrawal,9449,Bangalore,2025-06-04T10:00:00
TXN0126,ACC1040,Deposit,71869,Delhi,2025-06-05T23:31:00
TXN0127,ACC1042,Withdrawal,1445,Jaipur,2025-06-14T16:49:00
TXN0128,ACC1057,Transfer,110691,Jaipur,2025-06-06T11:48:00
TXN0129,ACC1026,Deposit,27271,Bangalore,2025-06-02T05:44:00
TXN0130,ACC1010,Transfer,190373,Chennai,2025-06-01T16:03:00
TXN0131,ACC1024,Deposit,84629,Hyderabad,2025-06-06T07:03:00
TXN0132,ACC1015,Deposit,29304,Bangalore,2025-06-19T18:57:00
TXN0133,ACC1012,Transfer,51546,Jaipur,2025-06-04T20:09:00
TXN0134,ACC1016,Withdrawal,1741,Bangalore,2025-06-11T12:25:00
TXN0135,ACC1056,Transfer,31872,Mumbai,2025-06-06T13:58:00
TXN0136,ACC1053,Transfer,163174,Delhi,2025-06-03T15:21:00
TXN0137,ACC1008,Deposit,82327,Chennai,2025-06-20T17:30:00
TXN0138,ACC1047,Deposit,31617,Delhi,2025-06-22T00:04:00
TXN0139,ACC1036,Withdrawal,13900,Mumbai,2025-06-18T02:00:00
TXN0140,ACC1057,Transfer,80905,Pune,2025-06-15T15:26:00
TXN0141,ACC1095,Deposit,91428,Delhi,2025-06-24T13:50:00
TXN0142,ACC1051,Transfer,18551,Bangalore,2025-06-19T08:18:00
TXN0143,ACC1021,Transfer,119164,Chennai,2025-06-05T09:03:00
TXN0144,ACC1037,Deposit,91732,Hyderabad,2025-06-27T14:45:00
TXN0145,ACC1074,Withdrawal,15194,Pune,2025-06-17T04:01:00
TXN0146,ACC1072,Transfer,54517,Mumbai,2025-06-30T20:46:00
TXN0147,ACC1082,Transfer,159067,Bangalore,2025-06-08T13:02:00
TXN0148,ACC1074,Transfer,59278,Pune,2025-06-19T21:18:00
TXN0149,ACC1066,Deposit,43138,Jaipur,2025-06-02T14:39:00
TXN0150,ACC1100,Deposit,95330,Bangalore,2025-06-03T06:12:00
TXN0151,ACC1020,Deposit,36059,Mumbai,2025-06-19T13:37:00
TXN0152,ACC1014,Withdrawal,18996,Pune,2025-06-11T20:24:00
TXN0153,ACC1034,Transfer,124640,Chennai,2025-06-26T10:54:00
TXN0154,ACC1022,Transfer,184739,Chennai,2025-06-22T07:20:00
TXN0155,ACC1071,Transfer,131969,Jaipur,2025-06-02T20:36:00
TXN0156,ACC1067,Deposit,57913,Hyderabad,2025-06-18T22:33:00
TXN0157,ACC1024,Transfer,180325,Hyderabad,2025-06-24T03:16:00
TXN0158,ACC1067,Deposit,55508,Kolkata,2025-06-14T22:03:00
TXN0159,ACC1062,Deposit,37804,Kolkata,2025-06-13T08:43:00
TXN0160,ACC1053,Transfer,69428,Mumbai,2025-06-12T23:23:00
TXN0161,ACC1079,Transfer,66151,Delhi,2025-06-25T23:20:00
TXN0162,ACC1044,Deposit,60146,Delhi,2025-06-27T23:17:00
TXN0163,ACC1067,Deposit,16141,Kolkata,2025-06-20T01:47:00
TXN0164,ACC1033,Deposit,6214,Delhi,2025-06-12T19:45:00
TXN0165,ACC1043,Transfer,108334,Bangalore,2025-06-23T07:19:00
TXN0166,ACC1068,Transfer,103305,Kolkata,2025-06-10T03:34:00
TXN0167,ACC1015,Deposit,62724,Mumbai,2025-06-03T07:43:00
TXN0168,ACC1009,Withdrawal,13981,Jaipur,2025-06-29T23:01:00
TXN0169,ACC1003,Deposit,11334,Jaipur,2025-06-04T21:16:00
TXN0170,ACC1019,Deposit,15392,Delhi,2025-06-18T23:18:00
TXN0171,ACC1002,Transfer,13745,Mumbai,2025-06-26T22:24:00
TXN0172,ACC1021,Transfer,76619,Mumbai,2025-06-09T21:36:00
TXN0173,ACC1037,Deposit,23924,Kolkata,2025-06-26T11:32:00
TXN0174,ACC1074,Transfer,77266,Chennai,2025-06-03T09:41:00
TXN0175,ACC1063,Withdrawal,7952,Mumbai,2025-06-15T12:34:00
TXN0176,ACC1039,Withdrawal,9300,Hyderabad,2025-06-24T20:23:00
TXN0177,ACC1051,Withdrawal,16269,Chennai,2025-06-10T22:57:00
TXN0178,ACC1062,Transfer,193182,Hyderabad,2025-06-16T01:10:00
TXN0179,ACC1073,Deposit,99062,Chennai,2025-06-11T13:45:00
TXN0180,ACC1040,Withdrawal,15262,Pune,2025-06-04T07:41:00
TXN0181,ACC1099,Transfer,93573,Mumbai,2025-06-23T19:46:00
TXN0182,ACC1069,Withdrawal,2774,Bangalore,2025-06-27T05:37:00
TXN0183,ACC1037,Transfer,158452,Kolkata,2025-06-13T19:44:00
TXN0184,ACC1008,Transfer,167373,Jaipur,2025-06-06T14:37:00
TXN0185,ACC1040,Transfer,73732,Hyderabad,2025-06-16T10:52:00
TXN0186,ACC1009,Transfer,54730,Jaipur,2025-06-23T14:43:00
TXN0187,ACC1035,Withdrawal,3215,Bangalore,2025-06-16T23:32:00
TXN0188,ACC1078,Transfer,105286,Bangalore,2025-06-09T12:03:00
TXN0189,ACC1035,Deposit,31686,Bangalore,2025-06-11T18:44:00
TXN0190,ACC1038,Deposit,87893,Mumbai,2025-06-17T04:59:00
TXN0191,ACC1089,Transfer,191217,Delhi,2025-06-23T15:50:00
TXN0192,ACC1017,Withdrawal,8751,Delhi,2025-06-07T07:47:00
TXN0193,ACC1023,Transfer,61321,Kolkata,2025-06-22T01:30:00
TXN0194,ACC1066,Deposit,62323,Hyderabad,2025-06-19T13:57:00
TXN0195,ACC1079,Transfer,45860,Hyderabad,2025-06-25T06:17:00
TXN0196,ACC1039,Deposit,54997,Chennai,2025-06-09T03:51:00
TXN0197,ACC1081,Withdrawal,2921,Pune,2025-06-25T06:43:00
TXN0198,ACC1037,Deposit,16954,Bangalore,2025-06-30T17:40:00
TXN0199,ACC1023,Deposit,47071,Mumbai,2025-06-22T11:13:00
TXN0200,ACC1012,Withdrawal,6255,Pune,2025-06-29T20:16:00
TXN0201,ACC1081,Withdrawal,18341,Delhi,2025-06-15T14:58:00
TXN0202,ACC1017,Deposit,49977,Pune,2025-06-26T15:22:00
TXN0203,ACC1070,Deposit,39492,Delhi,2025-06-05T21:47:00
TXN0204,ACC1100,Withdrawal,13565,Hyderabad,2025-06-21T05:52:00
TXN0205,ACC1008,Withdrawal,16938,Mumbai,2025-06-12T10:31:00
TXN0206,ACC1041,Withdrawal,4997,Mumbai,2025-06-27T18:29:00
TXN0207,ACC1089,Withdrawal,19817,Mumbai,2025-06-01T04:28:00
TXN0208,ACC1067,Deposit,33070,Bangalore,2025-06-12T04:59:00
TXN0209,ACC1070,Withdrawal,3804,Chennai,2025-06-20T23:08:00
TXN0210,ACC1023,Deposit,56653,Pune,2025-06-24T12:37:00
TXN0211,ACC1071,Withdrawal,15267,Mumbai,2025-06-25T22:53:00
TXN0212,ACC1013,Transfer,63065,Kolkata,2025-06-14T20:19:00
TXN0213,ACC1076,Deposit,78082,Chennai,2025-06-28T08:49:00
TXN0214,ACC1005,Withdrawal,4427,Bangalore,2025-06-15T02:41:00
TXN0215,ACC1094,Transfer,101307,Chennai,2025-06-11T02:12:00
TXN0216,ACC1089,Withdrawal,18683,Jaipur,2025-06-28T18:45:00
TXN0217,ACC1084,Withdrawal,10170,Kolkata,2025-06-22T18:41:00
TXN0218,ACC1034,Transfer,141775,Delhi,2025-06-18T21:48:00
TXN0219,ACC1088,Deposit,82291,Kolkata,2025-06-18T06:20:00
TXN0220,ACC1054,Deposit,73631,Kolkata,2025-06-02T16:42:00
TXN0221,ACC1090,Transfer,172314,Bangalore,2025-06-03T20:54:00
TXN0222,ACC1078,Deposit,52645,Bangalore,2025-06-05T00:45:00
TXN0223,ACC1001,Deposit,27806,Kolkata,2025-06-01T15:12:00
TXN0224,ACC1005,Deposit,50108,Bangalore,2025-06-08T05:34:00
TXN0225,ACC1088,Transfer,89715,Delhi,2025-06-17T16:49:00
TXN0226,ACC1088,Deposit,90144,Chennai,2025-06-30T11:42:00
TXN0227,ACC1029,Transfer,98413,Jaipur,2025-06-21T01:53:00
TXN0228,ACC1037,Transfer,153174,Delhi,2025-06-07T03:01:00
TXN0229,ACC1013,Transfer,179549,Bangalore,2025-06-09T16:50:00
TXN0230,ACC1092,Deposit,12213,Bangalore,2025-06-29T11:24:00
TXN0231,ACC1033,Transfer,167046,Delhi,2025-06-13T03:44:00
TXN0232,ACC1094,Withdrawal,11609,Chennai,2025-06-10T11:00:00
TXN0233,ACC1079,Withdrawal,13448,Bangalore,2025-06-13T23:04:00
TXN0234,ACC1029,Transfer,89681,Kolkata,2025-06-28T20:47:00
TXN0235,ACC1011,Deposit,17727,Bangalore,2025-06-02T06:46:00
TXN0236,ACC1036,Deposit,79752,Mumbai,2025-06-03T04:20:00
TXN0237,ACC1029,Deposit,89051,Bangalore,2025-06-11T13:59:00
TXN0238,ACC1068,Deposit,7817,Delhi,2025-06-18T16:10:00
TXN0239,ACC1011,Transfer,22489,Mumbai,2025-06-15T19:58:00
TXN0240,ACC1004,Withdrawal,11630,Hyderabad,2025-06-16T10:14:00
TXN0241,ACC1057,Withdrawal,12718,Mumbai,2025-06-08T15:40:00
TXN0242,ACC1027,Deposit,34382,Delhi,2025-06-17T14:23:00
TXN0243,ACC1024,Transfer,196918,Pune,2025-06-30T17:46:00
TXN0244,ACC1036,Withdrawal,8688,Chennai,2025-06-20T19:38:00
TXN0245,ACC1011,Withdrawal,4381,Delhi,2025-06-01T18:17:00
TXN0246,ACC1058,Deposit,19511,Delhi,2025-06-29T19:57:00
TXN0247,ACC1080,Transfer,184541,Delhi,2025-06-11T06:49:00
TXN0248,ACC1062,Deposit,30033,Mumbai,2025-06-07T22:29:00
TXN0249,ACC1018,Deposit,21206,Hyderabad,2025-06-25T03:00:00
TXN0250,ACC1093,Withdrawal,18643,Delhi,2025-06-05T10:17:00
TXN0251,ACC1010,Withdrawal,4487,Hyderabad,2025-06-12T04:04:00
TXN0252,ACC1062,Transfer,194432,Hyderabad,2025-06-16T01:05:00
TXN0253,ACC1057,Transfer,22996,Kolkata,2025-06-03T18:17:00
TXN0254,ACC1060,Withdrawal,8414,Pune,2025-06-11T04:45:00
TXN0255,ACC1005,Deposit,11282,Jaipur,2025-06-20T00:25:00
TXN0256,ACC1038,Deposit,35755,Kolkata,2025-06-05T11:04:00
TXN0257,ACC1098,Withdrawal,4488,Chennai,2025-06-12T12:25:00
TXN0258,ACC1074,Withdrawal,3586,Pune,2025-06-11T13:40:00
TXN0259,ACC1023,Deposit,24484,Bangalore,2025-06-03T11:23:00
TXN0260,ACC1031,Withdrawal,18901,Kolkata,2025-06-29T12:36:00
TXN0261,ACC1074,Transfer,99729,Chennai,2025-06-04T09:13:00
TXN0262,ACC1066,Withdrawal,18796,Pune,2025-06-11T03:26:00
TXN0263,ACC1029,Transfer,173950,Delhi,2025-06-23T22:19:00
TXN0264,ACC1072,Transfer,88972,Mumbai,2025-06-26T05:08:00
TXN0265,ACC1053,Deposit,93364,Mumbai,2025-06-18T09:13:00
TXN0266,ACC1100,Deposit,83886,Jaipur,2025-06-23T22:14:00
TXN0267,ACC1031,Transfer,196372,Hyderabad,2025-06-01T04:17:00
TXN0268,ACC1048,Withdrawal,7406,Jaipur,2025-06-10T18:25:00
TXN0269,ACC1066,Transfer,113882,Hyderabad,2025-06-19T21:33:00
TXN0270,ACC1100,Withdrawal,5521,Hyderabad,2025-06-13T06:03:00
TXN0271,ACC1023,Transfer,45902,Mumbai,2025-06-16T21:03:00
TXN0272,ACC1057,Deposit,95742,Delhi,2025-06-30T14:41:00
TXN0273,ACC1085,Deposit,85638,Mumbai,2025-06-07T11:48:00
TXN0274,ACC1060,Transfer,112188,Hyderabad,2025-06-05T10:01:00
TXN0275,ACC1037,Transfer,94784,Chennai,2025-06-14T01:12:00
TXN0276,ACC1020,Withdrawal,8406,Hyderabad,2025-06-15T23:00:00
TXN0277,ACC1027,Withdrawal,6657,Chennai,2025-06-03T12:51:00
TXN0278,ACC1070,Withdrawal,8183,Kolkata,2025-06-18T01:06:00
TXN0279,ACC1033,Withdrawal,12652,Delhi,2025-06-22T21:39:00
TXN0280,ACC1098,Transfer,92831,Mumbai,2025-06-07T07:32:00
TXN0281,ACC1049,Withdrawal,2565,Pune,2025-06-25T21:28:00
TXN0282,ACC1025,Deposit,65371,Delhi,2025-06-04T20:32:00
TXN0283,ACC1093,Deposit,22152,Pune,2025-06-11T02:28:00
TXN0284,ACC1045,Deposit,57116,Delhi,2025-06-03T19:48:00
TXN0285,ACC1004,Deposit,12949,Jaipur,2025-06-11T18:26:00
TXN0286,ACC1051,Transfer,51660,Pune,2025-06-06T03:40:00
TXN0287,ACC1008,Transfer,33149,Kolkata,2025-06-22T00:05:00
TXN0288,ACC1047,Transfer,55639,Mumbai,2025-06-21T07:55:00
TXN0289,ACC1022,Withdrawal,11855,Bangalore,2025-06-07T08:32:00
TXN0290,ACC1099,Transfer,132837,Chennai,2025-06-09T07:23:00
TXN0291,ACC1004,Withdrawal,14259,Chennai,2025-06-10T04:13:00
TXN0292,ACC1007,Deposit,40324,Hyderabad,2025-06-26T00:43:00
TXN0293,ACC1021,Deposit,85147,Pune,2025-06-20T02:43:00
TXN0294,ACC1057,Deposit,20588,Pune,2025-06-25T20:10:00
TXN0295,ACC1067,Transfer,12473,Bangalore,2025-06-06T05:44:00
TXN0296,ACC1010,Withdrawal,19959,Mumbai,2025-06-08T22:49:00
TXN0297,ACC1063,Deposit,15363,Chennai,2025-06-07T23:10:00
TXN0298,ACC1081,Withdrawal,3737,Chennai,2025-06-13T11:07:00
TXN0299,ACC1019,Deposit,23428,Delhi,2025-06-28T19:10:00
TXN0300,ACC1041,Transfer,177426,Mumbai,2025-06-06T18:57:00
TXN0301,ACC1063,Deposit,93672,Pune,2025-06-09T09:19:00
TXN0302,ACC1089,Deposit,32901,Mumbai,2025-06-08T19:36:00
TXN0303,ACC1057,Transfer,20219,Mumbai,2025-06-29T20:14:00
TXN0304,ACC1021,Withdrawal,16009,Mumbai,2025-06-06T04:33:00
TXN0305,ACC1055,Deposit,35947,Bangalore,2025-06-08T10:16:00
TXN0306,ACC1031,Transfer,103156,Bangalore,2025-06-27T12:59:00
TXN0307,ACC1086,Transfer,136209,Jaipur,2025-06-17T12:13:00
TXN0308,ACC1062,Transfer,70862,Delhi,2025-06-12T04:10:00
TXN0309,ACC1030,Deposit,95452,Bangalore,2025-06-05T19:53:00
TXN0310,ACC1038,Transfer,183609,Jaipur,2025-06-16T12:04:00
TXN0311,ACC1079,Deposit,22938,Bangalore,2025-06-21T23:35:00
TXN0312,ACC1068,Withdrawal,16635,Delhi,2025-06-16T23:21:00
TXN0313,ACC1079,Withdrawal,4419,Mumbai,2025-06-09T04:33:00
TXN0314,ACC1068,Withdrawal,9679,Jaipur,2025-06-09T06:35:00
TXN0315,ACC1015,Deposit,57823,Bangalore,2025-06-27T18:06:00
TXN0316,ACC1084,Transfer,35517,Mumbai,2025-06-02T05:26:00
TXN0317,ACC1007,Transfer,70456,Delhi,2025-06-26T21:48:00
TXN0318,ACC1038,Transfer,104312,Pune,2025-06-15T15:41:00
TXN0319,ACC1027,Deposit,99210,Jaipur,2025-06-18T11:07:00
TXN0320,ACC1014,Withdrawal,12995,Jaipur,2025-06-09T11:39:00
TXN0321,ACC1094,Withdrawal,18242,Chennai,2025-06-10T08:11:00
TXN0322,ACC1018,Withdrawal,19578,Mumbai,2025-06-08T19:29:00
TXN0323,ACC1075,Withdrawal,15603,Chennai,2025-06-09T05:44:00
TXN0324,ACC1037,Transfer,172529,Pune,2025-06-27T08:35:00
TXN0325,ACC1040,Deposit,82755,Bangalore,2025-06-21T12:20:00
TXN0326,ACC1088,Withdrawal,3044,Mumbai,2025-06-21T08:06:00
TXN0327,ACC1057,Withdrawal,7416,Hyderabad,2025-06-13T00:57:00
TXN0328,ACC1035,Withdrawal,1496,Delhi,2025-06-21T01:27:00
TXN0329,ACC1084,Deposit,23671,Delhi,2025-06-11T14:19:00
TXN0330,ACC1067,Transfer,92925,Chennai,2025-06-19T06:30:00
TXN0331,ACC1014,Transfer,32337,Hyderabad,2025-06-09T15:38:00
TXN0332,ACC1040,Deposit,51088,Hyderabad,2025-06-18T06:51:00
TXN0333,ACC1010,Deposit,26889,Pune,2025-06-30T16:01:00
TXN0334,ACC1039,Withdrawal,7418,Chennai,2025-06-02T04:21:00
TXN0335,ACC1018,Transfer,125028,Hyderabad,2025-06-05T21:33:00
TXN0336,ACC1047,Transfer,182656,Kolkata,2025-06-02T05:34:00
TXN0337,ACC1008,Withdrawal,10254,Hyderabad,2025-06-13T22:37:00
TXN0338,ACC1078,Transfer,80584,Hyderabad,2025-06-26T13:13:00
TXN0339,ACC1067,Withdrawal,11567,Bangalore,2025-06-29T15:21:00
TXN0340,ACC1070,Withdrawal,1337,Kolkata,2025-06-22T11:10:00
TXN0341,ACC1016,Deposit,70025,Pune,2025-06-22T16:30:00
TXN0342,ACC1021,Withdrawal,10091,Chennai,2025-06-15T04:54:00
TXN0343,ACC1071,Withdrawal,10289,Pune,2025-06-25T05:06:00
TXN0344,ACC1029,Transfer,196080,Delhi,2025-06-04T12:08:00
TXN0345,ACC1044,Withdrawal,19392,Kolkata,2025-06-19T13:32:00
TXN0346,ACC1019,Transfer,125446,Hyderabad,2025-06-17T22:27:00
TXN0347,ACC1011,Deposit,29135,Hyderabad,2025-06-22T07:20:00
TXN0348,ACC1089,Deposit,37575,Jaipur,2025-06-29T20:46:00
TXN0349,ACC1032,Transfer,81992,Chennai,2025-06-01T04:06:00
TXN0350,ACC1004,Deposit,10965,Mumbai,2025-06-23T23:06:00
TXN0351,ACC1038,Withdrawal,1073,Delhi,2025-06-05T09:02:00
TXN0352,ACC1098,Deposit,62619,Bangalore,2025-06-22T20:53:00
TXN0353,ACC1100,Deposit,12636,Bangalore,2025-06-17T17:25:00
TXN0354,ACC1098,Transfer,115687,Hyderabad,2025-06-02T00:10:00
TXN0355,ACC1061,Deposit,10601,Pune,2025-06-17T04:55:00
TXN0356,ACC1086,Withdrawal,8112,Hyderabad,2025-06-02T09:01:00
TXN0357,ACC1038,Transfer,86421,Bangalore,2025-06-27T20:46:00
TXN0358,ACC1005,Transfer,180796,Delhi,2025-06-12T10:41:00
TXN0359,ACC1009,Withdrawal,5391,Pune,2025-06-26T05:58:00
TXN0360,ACC1036,Transfer,106768,Pune,2025-06-23T03:46:00
TXN0361,ACC1019,Withdrawal,9357,Mumbai,2025-06-17T22:29:00
TXN0362,ACC1079,Deposit,34761,Bangalore,2025-06-24T05:21:00
TXN0363,ACC1032,Deposit,98088,Jaipur,2025-06-01T06:03:00
TXN0364,ACC1066,Transfer,124467,Kolkata,2025-06-28T07:34:00
TXN0365,ACC1061,Withdrawal,3422,Pune,2025-06-18T00:43:00
TXN0366,ACC1057,Withdrawal,5404,Jaipur,2025-06-26T22:05:00
TXN0367,ACC1027,Deposit,78335,Bangalore,2025-06-30T22:16:00
TXN0368,ACC1021,Withdrawal,12310,Mumbai,2025-06-07T03:34:00
TXN0369,ACC1005,Transfer,185123,Bangalore,2025-06-01T18:15:00
TXN0370,ACC1049,Withdrawal,15729,Mumbai,2025-06-08T04:03:00
TXN0371,ACC1077,Withdrawal,10003,Chennai,2025-06-30T13:48:00
TXN0372,ACC1071,Deposit,24738,Delhi,2025-06-10T04:54:00
TXN0373,ACC1010,Withdrawal,19934,Delhi,2025-06-07T20:18:00
TXN0374,ACC1047,Deposit,84141,Pune,2025-06-17T19:01:00
TXN0375,ACC1047,Deposit,45375,Kolkata,2025-06-18T07:56:00
TXN0376,ACC1099,Withdrawal,9284,Mumbai,2025-06-27T04:40:00
TXN0377,ACC1012,Withdrawal,19744,Jaipur,2025-06-16T18:33:00
TXN0378,ACC1082,Transfer,87465,Hyderabad,2025-06-25T14:36:00
TXN0379,ACC1074,Withdrawal,5602,Chennai,2025-06-20T19:38:00
TXN0380,ACC1054,Deposit,86707,Kolkata,2025-06-15T10:56:00
TXN0381,ACC1017,Transfer,86398,Bangalore,2025-06-30T21:48:00
TXN0382,ACC1090,Deposit,15258,Jaipur,2025-06-13T21:24:00
TXN0383,ACC1035,Transfer,44008,Bangalore,2025-06-17T01:26:00
TXN0384,ACC1042,Deposit,15541,Chennai,2025-06-09T09:22:00
TXN0385,ACC1040,Withdrawal,4663,Kolkata,2025-06-13T13:26:00
TXN0386,ACC1071,Deposit,24685,Pune,2025-06-15T20:50:00
TXN0387,ACC1060,Deposit,27843,Pune,2025-06-04T15:35:00
TXN0388,ACC1024,Transfer,153611,Kolkata,2025-06-23T07:21:00
TXN0389,ACC1096,Withdrawal,9396,Hyderabad,2025-06-29T20:59:00
TXN0390,ACC1041,Withdrawal,15463,Hyderabad,2025-06-23T06:31:00
TXN0391,ACC1074,Transfer,131685,Kolkata,2025-06-09T01:58:00
TXN0392,ACC1087,Transfer,115443,Bangalore,2025-06-06T00:13:00
TXN0393,ACC1050,Withdrawal,9292,Mumbai,2025-06-19T15:00:00
TXN0394,ACC1053,Deposit,80968,Jaipur,2025-06-20T08:41:00
TXN0395,ACC1076,Transfer,69445,Kolkata,2025-06-09T04:37:00
TXN0396,ACC1038,Withdrawal,11155,Chennai,2025-06-19T09:17:00
TXN0397,ACC1072,Transfer,50194,Chennai,2025-06-08T06:22:00
TXN0398,ACC1007,Deposit,98817,Bangalore,2025-06-25T00:22:00
TXN0399,ACC1050,Deposit,39705,Kolkata,2025-06-27T16:53:00
TXN0400,ACC1075,Withdrawal,10077,Mumbai,2025-06-24T01:10:00
TXN0401,ACC1027,Transfer,60928,Hyderabad,2025-06-11T15:24:00
TXN0402,ACC1018,Deposit,52052,Mumbai,2025-06-06T14:52:00
TXN0403,ACC1075,Withdrawal,7937,Delhi,2025-06-09T16:08:00
TXN0404,ACC1058,Transfer,10576,Chennai,2025-06-30T01:23:00
TXN0405,ACC1034,Withdrawal,6450,Mumbai,2025-06-04T15:35:00
TXN0406,ACC1041,Transfer,79054,Pune,2025-06-27T08:40:00
TXN0407,ACC1082,Transfer,136670,Kolkata,2025-06-01T13:14:00
TXN0408,ACC1012,Deposit,26923,Jaipur,2025-06-22T00:19:00
TXN0409,ACC1039,Deposit,35669,Bangalore,2025-06-29T05:54:00
TXN0410,ACC1099,Withdrawal,18427,Mumbai,2025-06-28T12:23:00
TXN0411,ACC1082,Transfer,75822,Pune,2025-06-05T20:54:00
TXN0412,ACC1005,Transfer,178391,Pune,2025-06-19T10:28:00
TXN0413,ACC1037,Transfer,35713,Pune,2025-06-13T07:08:00
TXN0414,ACC1041,Deposit,24051,Hyderabad,2025-06-15T10:52:00
TXN0415,ACC1010,Withdrawal,15095,Delhi,2025-06-20T03:23:00
TXN0416,ACC1086,Transfer,174183,Hyderabad,2025-06-21T14:33:00
TXN0417,ACC1007,Withdrawal,15811,Chennai,2025-06-25T06:46:00
TXN0418,ACC1078,Deposit,91638,Delhi,2025-06-15T22:31:00
TXN0419,ACC1080,Withdrawal,8476,Bangalore,2025-06-12T14:52:00
TXN0420,ACC1042,Transfer,41054,Bangalore,2025-06-08T13:38:00
TXN0421,ACC1082,Transfer,187588,Bangalore,2025-06-02T20:32:00
TXN0422,ACC1095,Transfer,196195,Hyderabad,2025-06-22T20:53:00
TXN0423,ACC1057,Deposit,61909,Hyderabad,2025-06-23T21:23:00
TXN0424,ACC1076,Deposit,85867,Mumbai,2025-06-10T22:42:00
TXN0425,ACC1087,Deposit,48720,Pune,2025-06-04T10:39:00
TXN0426,ACC1057,Withdrawal,9627,Mumbai,2025-06-11T13:44:00
TXN0427,ACC1021,Transfer,197334,Hyderabad,2025-06-15T12:36:00
TXN0428,ACC1082,Transfer,90285,Pune,2025-06-17T09:22:00
TXN0429,ACC1075,Deposit,13869,Hyderabad,2025-06-21T19:22:00
TXN0430,ACC1063,Deposit,21774,Jaipur,2025-06-21T03:27:00
TXN0431,ACC1071,Deposit,60004,Bangalore,2025-06-11T15:16:00
TXN0432,ACC1067,Transfer,46023,Bangalore,2025-06-02T14:00:00
TXN0433,ACC1020,Withdrawal,13562,Bangalore,2025-06-15T13:57:00
TXN0434,ACC1096,Withdrawal,8339,Bangalore,2025-06-12T15:03:00
TXN0435,ACC1003,Transfer,81283,Pune,2025-06-14T17:31:00
TXN0436,ACC1089,Withdrawal,12237,Chennai,2025-06-16T05:12:00
TXN0437,ACC1051,Withdrawal,9665,Hyderabad,2025-06-18T11:43:00
TXN0438,ACC1042,Deposit,14670,Mumbai,2025-06-09T02:36:00
TXN0439,ACC1012,Transfer,31816,Hyderabad,2025-06-03T18:43:00
TXN0440,ACC1001,Withdrawal,3365,Bangalore,2025-06-15T11:22:00
TXN0441,ACC1032,Deposit,85781,Bangalore,2025-06-14T00:12:00
TXN0442,ACC1050,Transfer,122776,Pune,2025-06-04T05:32:00
TXN0443,ACC1055,Withdrawal,6612,Hyderabad,2025-06-01T10:37:00
TXN0444,ACC1035,Withdrawal,7839,Chennai,2025-06-17T04:30:00
TXN0445,ACC1019,Transfer,171533,Hyderabad,2025-06-28T18:02:00
TXN0446,ACC1086,Deposit,52694,Pune,2025-06-22T18:43:00
TXN0447,ACC1031,Withdrawal,6293,Kolkata,2025-06-18T10:52:00
TXN0448,ACC1028,Withdrawal,19051,Pune,2025-06-18T17:00:00
TXN0449,ACC1098,Withdrawal,7383,Delhi,2025-06-12T15:22:00
TXN0450,ACC1048,Deposit,67019,Bangalore,2025-06-21T06:57:00
TXN0451,ACC1059,Withdrawal,17667,Hyderabad,2025-06-22T09:04:00
TXN0452,ACC1026,Deposit,82078,Chennai,2025-06-22T08:35:00
TXN0453,ACC1093,Deposit,58875,Jaipur,2025-06-10T06:50:00
TXN0454,ACC1095,Withdrawal,6518,Delhi,2025-06-02T22:47:00
TXN0455,ACC1054,Withdrawal,16857,Delhi,2025-06-14T13:12:00
TXN0456,ACC1064,Withdrawal,9764,Pune,2025-06-23T03:25:00
TXN0457,ACC1095,Transfer,107273,Mumbai,2025-06-03T12:32:00
TXN0458,ACC1089,Transfer,173114,Mumbai,2025-06-23T10:19:00
TXN0459,ACC1088,Withdrawal,4456,Kolkata,2025-06-15T09:01:00
TXN0460,ACC1028,Transfer,150008,Hyderabad,2025-06-07T13:17:00
TXN0461,ACC1052,Withdrawal,13033,Hyderabad,2025-06-25T20:10:00
TXN0462,ACC1084,Withdrawal,7231,Chennai,2025-06-19T01:36:00
TXN0463,ACC1088,Deposit,55727,Chennai,2025-06-24T08:10:00
TXN0464,ACC1022,Transfer,101512,Delhi,2025-06-25T00:43:00
TXN0465,ACC1100,Transfer,187708,Pune,2025-06-26T07:21:00
TXN0466,ACC1035,Deposit,30957,Chennai,2025-06-05T01:51:00
TXN0467,ACC1020,Deposit,70347,Chennai,2025-06-17T05:44:00
TXN0468,ACC1094,Withdrawal,14102,Jaipur,2025-06-20T05:17:00
TXN0469,ACC1049,Deposit,99837,Jaipur,2025-06-01T11:23:00
TXN0470,ACC1019,Transfer,167321,Mumbai,2025-06-27T00:44:00
TXN0471,ACC1099,Deposit,5076,Bangalore,2025-06-29T14:39:00
TXN0472,ACC1075,Transfer,151571,Jaipur,2025-06-17T22:03:00
TXN0473,ACC1037,Deposit,92240,Mumbai,2025-06-30T17:00:00
TXN0474,ACC1078,Transfer,32657,Kolkata,2025-06-28T02:38:00
TXN0475,ACC1067,Transfer,56360,Pune,2025-06-11T11:43:00
TXN0476,ACC1075,Deposit,58347,Mumbai,2025-06-21T04:19:00
TXN0477,ACC1064,Withdrawal,7807,Kolkata,2025-06-12T05:20:00
TXN0478,ACC1005,Deposit,9374,Hyderabad,2025-06-09T08:41:00
TXN0479,ACC1055,Transfer,66045,Kolkata,2025-06-26T06:07:00
TXN0480,ACC1018,Deposit,57407,Hyderabad,2025-06-14T10:12:00
TXN0481,ACC1086,Withdrawal,4522,Kolkata,2025-06-29T18:09:00
TXN0482,ACC1063,Withdrawal,11705,Mumbai,2025-06-20T05:24:00
TXN0483,ACC1073,Withdrawal,10475,Hyderabad,2025-06-16T05:24:00
TXN0484,ACC1051,Transfer,117002,Chennai,2025-06-29T12:56:00
TXN0485,ACC1051,Deposit,54954,Kolkata,2025-06-28T06:28:00
TXN0486,ACC1072,Withdrawal,9639,Pune,2025-06-12T15:59:00
TXN0487,ACC1070,Withdrawal,6757,Chennai,2025-06-22T05:59:00
TXN0488,ACC1064,Transfer,136309,Hyderabad,2025-06-06T08:06:00
TXN0489,ACC1063,Withdrawal,1577,Mumbai,2025-06-11T23:12:00
TXN0490,ACC1064,Transfer,167074,Delhi,2025-06-10T19:17:00
TXN0491,ACC1058,Transfer,73211,Bangalore,2025-06-10T08:12:00
TXN0492,ACC1002,Transfer,26314,Jaipur,2025-06-16T12:33:00
TXN0493,ACC1072,Transfer,121805,Kolkata,2025-06-27T19:49:00
TXN0494,ACC1041,Transfer,171070,Pune,2025-06-27T23:21:00
TXN0495,ACC1018,Withdrawal,13334,Hyderabad,2025-06-03T02:18:00
TXN0496,ACC1062,Deposit,44279,Jaipur,2025-06-08T07:54:00
TXN0497,ACC1003,Deposit,6592,Jaipur,2025-06-18T19:19:00
TXN0498,ACC1091,Withdrawal,18550,Kolkata,2025-06-07T13:12:00
TXN0499,ACC1044,Withdrawal,15303,Hyderabad,2025-06-12T07:55:00
TXN0500,ACC1094,Deposit,39765,Jaipur,2025-06-14T10:45:00
TXN0501,ACC1025,Withdrawal,1229,Kolkata,2025-06-26T07:51:00
TXN0502,ACC1092,Withdrawal,2925,Mumbai,2025-06-16T10:35:00
TXN0503,ACC1025,Transfer,147727,Mumbai,2025-06-21T00:23:00
TXN0504,ACC1035,Transfer,55653,Delhi,2025-06-09T11:29:00
TXN0505,ACC1015,Transfer,182065,Mumbai,2025-06-18T01:21:00
TXN0506,ACC1011,Deposit,7596,Hyderabad,2025-06-30T21:38:00
TXN0507,ACC1096,Transfer,136154,Kolkata,2025-06-30T20:34:00
TXN0508,ACC1003,Deposit,93984,Delhi,2025-06-21T02:39:00
TXN0509,ACC1028,Transfer,131053,Pune,2025-06-15T11:54:00
TXN0510,ACC1094,Withdrawal,13739,Pune,2025-06-23T10:28:00
TXN0511,ACC1100,Transfer,79079,Chennai,2025-06-30T10:41:00
TXN0512,ACC1098,Deposit,40621,Jaipur,2025-06-05T01:47:00
TXN0513,ACC1083,Deposit,66969,Jaipur,2025-06-30T19:08:00
TXN0514,ACC1094,Withdrawal,19125,Hyderabad,2025-06-22T03:25:00
TXN0515,ACC1098,Withdrawal,14069,Pune,2025-06-12T18:53:00
TXN0516,ACC1073,Withdrawal,10747,Chennai,2025-06-15T17:57:00
TXN0517,ACC1029,Withdrawal,16493,Pune,2025-06-22T14:00:00
TXN0518,ACC1079,Deposit,95039,Jaipur,2025-06-15T16:50:00
TXN0519,ACC1008,Deposit,8536,Hyderabad,2025-06-11T04:21:00
TXN0520,ACC1062,Withdrawal,18245,Kolkata,2025-06-19T18:01:00
TXN0521,ACC1053,Deposit,88741,Mumbai,2025-06-24T08:54:00
TXN0522,ACC1026,Deposit,51141,Kolkata,2025-06-07T07:12:00
TXN0523,ACC1041,Withdrawal,17841,Chennai,2025-06-09T01:03:00
TXN0524,ACC1010,Deposit,7148,Bangalore,2025-06-07T19:22:00
TXN0525,ACC1084,Withdrawal,5743,Delhi,2025-06-07T21:20:00
TXN0526,ACC1098,Withdrawal,18824,Pune,2025-06-25T17:03:00
TXN0527,ACC1076,Withdrawal,4907,Chennai,2025-06-25T13:31:00
TXN0528,ACC1066,Deposit,93354,Bangalore,2025-06-06T12:50:00
TXN0529,ACC1051,Transfer,143162,Delhi,2025-06-21T11:35:00
TXN0530,ACC1041,Deposit,98457,Pune,2025-06-11T20:28:00
TXN0531,ACC1012,Transfer,61371,Chennai,2025-06-20T16:34:00
TXN0532,ACC1065,Deposit,85784,Hyderabad,2025-06-20T04:54:00
TXN0533,ACC1024,Withdrawal,5474,Delhi,2025-06-14T23:35:00
TXN0534,ACC1040,Deposit,68411,Jaipur,2025-06-21T13:29:00
TXN0535,ACC1023,Withdrawal,13832,Pune,2025-06-10T14:30:00
TXN0536,ACC1074,Deposit,47589,Pune,2025-06-24T21:39:00
TXN0537,ACC1087,Transfer,87630,Kolkata,2025-06-06T06:37:00
TXN0538,ACC1098,Transfer,193352,Bangalore,2025-06-17T19:49:00
TXN0539,ACC1082,Deposit,97570,Jaipur,2025-06-19T13:55:00
TXN0540,ACC1094,Transfer,75918,Hyderabad,2025-06-14T06:12:00
TXN0541,ACC1033,Withdrawal,14414,Delhi,2025-06-03T20:14:00
TXN0542,ACC1044,Transfer,65948,Bangalore,2025-06-17T09:28:00
TXN0543,ACC1093,Transfer,190838,Delhi,2025-06-14T05:49:00
TXN0544,ACC1059,Withdrawal,11373,Delhi,2025-06-22T00:27:00
TXN0545,ACC1014,Transfer,181718,Hyderabad,2025-06-16T00:35:00
TXN0546,ACC1039,Deposit,95719,Chennai,2025-06-05T00:35:00
TXN0547,ACC1034,Deposit,99849,Pune,2025-06-01T05:53:00
TXN0548,ACC1071,Deposit,44007,Kolkata,2025-06-19T04:25:00
TXN0549,ACC1071,Withdrawal,18955,Bangalore,2025-06-26T00:30:00
TXN0550,ACC1058,Deposit,38650,Chennai,2025-06-23T16:41:00
TXN0551,ACC1087,Transfer,155986,Jaipur,2025-06-26T01:21:00
TXN0552,ACC1022,Transfer,195326,Bangalore,2025-06-29T07:05:00
TXN0553,ACC1006,Transfer,156770,Mumbai,2025-06-16T05:16:00
TXN0554,ACC1009,Transfer,90147,Hyderabad,2025-06-25T10:09:00
TXN0555,ACC1002,Withdrawal,14157,Hyderabad,2025-06-25T15:01:00
TXN0556,ACC1074,Deposit,62452,Delhi,2025-06-06T19:28:00
TXN0557,ACC1021,Deposit,41508,Hyderabad,2025-06-29T01:48:00
TXN0558,ACC1063,Deposit,60815,Pune,2025-06-22T01:34:00
TXN0559,ACC1055,Deposit,24387,Jaipur,2025-06-19T11:22:00
TXN0560,ACC1001,Transfer,197230,Delhi,2025-06-21T11:40:00
TXN0561,ACC1091,Deposit,44309,Chennai,2025-06-10T17:56:00
TXN0562,ACC1048,Withdrawal,19815,Kolkata,2025-06-05T18:25:00
TXN0563,ACC1003,Withdrawal,12642,Jaipur,2025-06-24T14:26:00
TXN0564,ACC1098,Deposit,84256,Jaipur,2025-06-15T12:41:00
TXN0565,ACC1092,Transfer,64655,Kolkata,2025-06-21T04:36:00
TXN0566,ACC1038,Transfer,113090,Jaipur,2025-06-24T08:43:00
TXN0567,ACC1027,Transfer,59297,Delhi,2025-06-26T11:16:00
TXN0568,ACC1059,Transfer,121733,Mumbai,2025-06-17T23:49:00
TXN0569,ACC1038,Deposit,73669,Mumbai,2025-06-18T10:36:00
TXN0570,ACC1051,Transfer,194491,Bangalore,2025-06-12T15:26:00
TXN0571,ACC1016,Deposit,75684,Hyderabad,2025-06-10T01:27:00
TXN0572,ACC1072,Transfer,77500,Pune,2025-06-03T09:55:00
TXN0573,ACC1020,Transfer,72972,Hyderabad,2025-06-25T02:15:00
TXN0574,ACC1070,Withdrawal,14881,Mumbai,2025-06-17T03:09:00
TXN0575,ACC1054,Transfer,128359,Pune,2025-06-26T04:33:00
TXN0576,ACC1051,Deposit,61734,Jaipur,2025-06-19T12:07:00
TXN0577,ACC1057,Withdrawal,1733,Bangalore,2025-06-06T21:10:00
TXN0578,ACC1046,Transfer,25390,Chennai,2025-06-03T21:24:00
TXN0579,ACC1075,Deposit,64424,Chennai,2025-06-27T02:17:00
TXN0580,ACC1073,Deposit,38806,Hyderabad,2025-06-01T22:20:00
TXN0581,ACC1050,Deposit,41909,Hyderabad,2025-06-25T07:32:00
TXN0582,ACC1003,Deposit,73835,Pune,2025-06-06T19:40:00
TXN0583,ACC1065,Withdrawal,5425,Chennai,2025-06-27T10:24:00
TXN0584,ACC1008,Deposit,81005,Pune,2025-06-25T09:02:00
TXN0585,ACC1019,Transfer,182328,Chennai,2025-06-17T04:41:00
TXN0586,ACC1044,Transfer,158442,Jaipur,2025-06-13T07:33:00
TXN0587,ACC1077,Transfer,96893,Pune,2025-06-15T13:18:00
TXN0588,ACC1063,Withdrawal,10683,Bangalore,2025-06-10T01:09:00
TXN0589,ACC1042,Deposit,83743,Bangalore,2025-06-14T18:11:00
TXN0590,ACC1046,Deposit,42474,Mumbai,2025-06-04T00:14:00
TXN0591,ACC1018,Withdrawal,14319,Jaipur,2025-06-14T13:23:00
TXN0592,ACC1025,Transfer,97767,Chennai,2025-06-08T10:33:00
TXN0593,ACC1025,Withdrawal,14574,Chennai,2025-06-17T16:41:00
TXN0594,ACC1001,Transfer,125190,Mumbai,2025-06-28T06:26:00
TXN0595,ACC1013,Withdrawal,4735,Kolkata,2025-06-10T02:31:00
TXN0596,ACC1031,Deposit,63814,Kolkata,2025-06-21T16:46:00
TXN0597,ACC1001,Deposit,59582,Delhi,2025-06-21T15:39:00
TXN0598,ACC1010,Transfer,196258,Chennai,2025-06-17T13:49:00
TXN0599,ACC1099,Withdrawal,2745,Jaipur,2025-06-14T03:25:00
TXN0600,ACC1073,Deposit,16845,Kolkata,2025-06-19T23:34:00
TXN0601,ACC1020,Transfer,114161,Chennai,2025-06-18T22:58:00
TXN0602,ACC1019,Deposit,30115,Mumbai,2025-06-07T17:17:00
TXN0603,ACC1026,Deposit,32632,Pune,2025-06-11T17:32:00
TXN0604,ACC1032,Transfer,150198,Chennai,2025-06-01T19:12:00
TXN0605,ACC1026,Withdrawal,7497,Kolkata,2025-06-08T14:16:00
TXN0606,ACC1012,Withdrawal,13922,Delhi,2025-06-02T10:48:00
TXN0607,ACC1023,Deposit,69273,Delhi,2025-06-05T16:29:00
TXN0608,ACC1036,Deposit,59282,Jaipur,2025-06-09T09:03:00
TXN0609,ACC1011,Transfer,16364,Delhi,2025-06-29T18:36:00
TXN0610,ACC1046,Withdrawal,4045,Kolkata,2025-06-13T20:19:00
TXN0611,ACC1022,Transfer,192700,Chennai,2025-06-26T23:52:00
TXN0612,ACC1057,Deposit,89776,Kolkata,2025-06-19T01:21:00
TXN0613,ACC1024,Withdrawal,2221,Jaipur,2025-06-09T11:07:00
TXN0614,ACC1044,Deposit,21870,Kolkata,2025-06-12T04:54:00
TXN0615,ACC1027,Withdrawal,3780,Jaipur,2025-06-13T03:42:00
TXN0616,ACC1098,Withdrawal,5964,Mumbai,2025-06-07T18:21:00
TXN0617,ACC1044,Withdrawal,14313,Hyderabad,2025-06-07T15:38:00
TXN0618,ACC1020,Deposit,79846,Hyderabad,2025-06-17T18:57:00
TXN0619,ACC1067,Transfer,160135,Hyderabad,2025-06-12T04:29:00
TXN0620,ACC1096,Withdrawal,17161,Chennai,2025-06-09T18:20:00
TXN0621,ACC1024,Transfer,50179,Jaipur,2025-06-08T06:48:00
TXN0622,ACC1092,Withdrawal,9225,Chennai,2025-06-18T10:06:00
TXN0623,ACC1028,Transfer,192022,Mumbai,2025-06-26T10:33:00
TXN0624,ACC1068,Deposit,37918,Bangalore,2025-06-20T18:02:00
TXN0625,ACC1086,Withdrawal,19608,Jaipur,2025-06-18T09:20:00
TXN0626,ACC1083,Withdrawal,4985,Chennai,2025-06-22T12:46:00
TXN0627,ACC1100,Withdrawal,7873,Chennai,2025-06-12T03:55:00
TXN0628,ACC1024,Withdrawal,1470,Delhi,2025-06-27T08:33:00
TXN0629,ACC1025,Deposit,13215,Mumbai,2025-06-29T22:44:00
TXN0630,ACC1086,Deposit,86108,Bangalore,2025-06-26T22:32:00
TXN0631,ACC1032,Transfer,101773,Jaipur,2025-06-02T11:25:00
TXN0632,ACC1097,Withdrawal,14007,Bangalore,2025-06-15T10:19:00
TXN0633,ACC1040,Transfer,167168,Bangalore,2025-06-25T12:12:00
TXN0634,ACC1047,Withdrawal,16220,Chennai,2025-06-24T14:24:00
TXN0635,ACC1058,Deposit,81753,Chennai,2025-06-11T22:12:00
TXN0636,ACC1037,Deposit,23241,Kolkata,2025-06-17T09:25:00
TXN0637,ACC1075,Deposit,6750,Delhi,2025-06-22T23:46:00
TXN0638,ACC1065,Deposit,32458,Pune,2025-06-16T03:54:00
TXN0639,ACC1015,Transfer,191465,Chennai,2025-06-16T03:34:00
TXN0640,ACC1036,Transfer,123295,Delhi,2025-06-30T02:19:00
TXN0641,ACC1069,Deposit,94214,Kolkata,2025-06-13T02:34:00
TXN0642,ACC1082,Deposit,49271,Kolkata,2025-06-01T17:15:00
TXN0643,ACC1034,Deposit,20726,Hyderabad,2025-06-15T09:58:00
TXN0644,ACC1011,Transfer,107432,Pune,2025-06-09T16:55:00
TXN0645,ACC1066,Deposit,85182,Mumbai,2025-06-18T11:59:00
TXN0646,ACC1014,Transfer,123970,Jaipur,2025-06-16T18:43:00
TXN0647,ACC1070,Transfer,48494,Kolkata,2025-06-14T00:18:00
TXN0648,ACC1064,Deposit,17875,Pune,2025-06-30T12:09:00
TXN0649,ACC1080,Transfer,45209,Pune,2025-06-30T11:05:00
TXN0650,ACC1069,Transfer,135360,Hyderabad,2025-06-14T00:10:00
TXN0651,ACC1030,Deposit,70723,Pune,2025-06-02T11:30:00
TXN0652,ACC1015,Withdrawal,7361,Pune,2025-06-26T22:18:00
TXN0653,ACC1076,Withdrawal,16520,Pune,2025-06-04T08:44:00
TXN0654,ACC1019,Withdrawal,3386,Jaipur,2025-06-13T08:27:00
TXN0655,ACC1045,Transfer,86547,Mumbai,2025-06-12T07:03:00
TXN0656,ACC1054,Deposit,16079,Bangalore,2025-06-14T16:47:00
TXN0657,ACC1039,Deposit,56500,Chennai,2025-06-05T16:48:00
TXN0658,ACC1033,Transfer,160656,Bangalore,2025-06-18T13:43:00
TXN0659,ACC1082,Withdrawal,15168,Jaipur,2025-06-14T05:20:00
TXN0660,ACC1022,Withdrawal,11514,Chennai,2025-06-12T21:02:00
TXN0661,ACC1054,Deposit,49441,Pune,2025-06-27T14:41:00
TXN0662,ACC1094,Transfer,162683,Chennai,2025-06-30T04:40:00
TXN0663,ACC1084,Deposit,39751,Mumbai,2025-06-17T19:01:00
TXN0664,ACC1044,Withdrawal,9342,Mumbai,2025-06-07T19:00:00
TXN0665,ACC1063,Transfer,69906,Mumbai,2025-06-05T08:43:00
TXN0666,ACC1082,Deposit,40005,Mumbai,2025-06-27T19:31:00
TXN0667,ACC1082,Transfer,112394,Bangalore,2025-06-06T04:11:00
TXN0668,ACC1099,Deposit,9423,Mumbai,2025-06-10T13:27:00
TXN0669,ACC1077,Deposit,8134,Delhi,2025-06-30T14:43:00
TXN0670,ACC1099,Deposit,93902,Bangalore,2025-06-14T11:34:00
TXN0671,ACC1001,Deposit,69125,Jaipur,2025-06-17T02:26:00
TXN0672,ACC1031,Deposit,47009,Bangalore,2025-06-08T10:16:00
TXN0673,ACC1038,Transfer,150293,Hyderabad,2025-06-20T17:16:00
TXN0674,ACC1093,Transfer,103710,Delhi,2025-06-01T23:39:00
TXN0675,ACC1041,Deposit,67368,Jaipur,2025-06-26T12:36:00
TXN0676,ACC1058,Deposit,50752,Hyderabad,2025-06-08T09:28:00
TXN0677,ACC1097,Deposit,57782,Kolkata,2025-06-26T07:16:00
TXN0678,ACC1091,Deposit,36991,Kolkata,2025-06-21T18:18:00
TXN0679,ACC1077,Deposit,19148,Pune,2025-06-25T22:39:00
TXN0680,ACC1080,Deposit,58124,Jaipur,2025-06-25T15:48:00
TXN0681,ACC1051,Deposit,56724,Kolkata,2025-06-19T05:40:00
TXN0682,ACC1042,Deposit,80942,Mumbai,2025-06-01T22:02:00
TXN0683,ACC1016,Transfer,185398,Mumbai,2025-06-09T02:07:00
TXN0684,ACC1060,Transfer,16125,Jaipur,2025-06-03T10:00:00
TXN0685,ACC1030,Deposit,14797,Chennai,2025-06-30T05:03:00
TXN0686,ACC1059,Withdrawal,16068,Delhi,2025-06-03T13:08:00
TXN0687,ACC1045,Transfer,68063,Kolkata,2025-06-27T18:49:00
TXN0688,ACC1021,Transfer,41911,Jaipur,2025-06-12T18:09:00
TXN0689,ACC1094,Transfer,140541,Jaipur,2025-06-27T06:08:00
TXN0690,ACC1060,Withdrawal,1606,Pune,2025-06-25T14:09:00
TXN0691,ACC1016,Deposit,30545,Mumbai,2025-06-07T15:20:00
TXN0692,ACC1071,Transfer,52196,Hyderabad,2025-06-25T16:35:00
TXN0693,ACC1045,Withdrawal,10476,Mumbai,2025-06-18T08:05:00
TXN0694,ACC1059,Withdrawal,12939,Bangalore,2025-06-17T10:20:00
TXN0695,ACC1006,Withdrawal,13587,Bangalore,2025-06-23T16:04:00
TXN0696,ACC1012,Deposit,68584,Mumbai,2025-06-13T00:22:00
TXN0697,ACC1056,Deposit,39877,Mumbai,2025-06-04T08:53:00
TXN0698,ACC1097,Deposit,27115,Hyderabad,2025-06-18T04:37:00
TXN0699,ACC1067,Withdrawal,11676,Bangalore,2025-06-12T17:38:00
TXN0700,ACC1063,Withdrawal,14698,Pune,2025-06-05T23:59:00
TXN0701,ACC1040,Transfer,169463,Delhi,2025-06-27T03:08:00
TXN0702,ACC1073,Deposit,87533,Delhi,2025-06-21T10:17:00
TXN0703,ACC1059,Withdrawal,4347,Hyderabad,2025-06-19T05:01:00
TXN0704,ACC1045,Withdrawal,7234,Hyderabad,2025-06-22T16:06:00
TXN0705,ACC1065,Deposit,97755,Delhi,2025-06-04T17:55:00
TXN0706,ACC1029,Deposit,35037,Bangalore,2025-06-16T09:00:00
TXN0707,ACC1071,Deposit,29720,Kolkata,2025-06-14T15:22:00
TXN0708,ACC1039,Transfer,124780,Kolkata,2025-06-25T12:44:00
TXN0709,ACC1012,Withdrawal,13039,Chennai,2025-06-08T11:35:00
TXN0710,ACC1014,Withdrawal,15714,Delhi,2025-06-08T01:35:00
TXN0711,ACC1056,Withdrawal,16579,Jaipur,2025-06-20T00:13:00
TXN0712,ACC1067,Deposit,44409,Chennai,2025-06-18T11:08:00
TXN0713,ACC1088,Withdrawal,13902,Mumbai,2025-06-02T03:45:00
TXN0714,ACC1095,Deposit,67646,Kolkata,2025-06-10T15:37:00
TXN0715,ACC1095,Deposit,50791,Hyderabad,2025-06-03T08:01:00
TXN0716,ACC1043,Transfer,104830,Pune,2025-06-16T10:47:00
TXN0717,ACC1050,Deposit,32421,Jaipur,2025-06-01T17:19:00
TXN0718,ACC1007,Withdrawal,6222,Chennai,2025-06-03T18:51:00
TXN0719,ACC1002,Transfer,155834,Bangalore,2025-06-27T06:02:00
TXN0720,ACC1014,Transfer,49205,Bangalore,2025-06-01T19:42:00
TXN0721,ACC1014,Deposit,65196,Bangalore,2025-06-21T07:19:00
TXN0722,ACC1090,Withdrawal,14153,Jaipur,2025-06-19T17:09:00
TXN0723,ACC1044,Transfer,191024,Kolkata,2025-06-28T22:52:00
TXN0724,ACC1089,Transfer,66126,Chennai,2025-06-18T09:57:00
TXN0725,ACC1001,Deposit,81206,Mumbai,2025-06-24T08:06:00
TXN0726,ACC1081,Transfer,68858,Bangalore,2025-06-20T01:54:00
TXN0727,ACC1056,Withdrawal,14082,Delhi,2025-06-03T04:58:00
TXN0728,ACC1033,Transfer,51834,Pune,2025-06-26T13:57:00
TXN0729,ACC1010,Withdrawal,19273,Pune,2025-06-29T14:47:00
TXN0730,ACC1062,Transfer,21724,Pune,2025-06-11T10:30:00
TXN0731,ACC1040,Transfer,75478,Kolkata,2025-06-16T10:49:00
TXN0732,ACC1029,Withdrawal,13749,Mumbai,2025-06-11T06:27:00
TXN0733,ACC1026,Deposit,52943,Kolkata,2025-06-21T22:40:00
TXN0734,ACC1061,Transfer,165098,Chennai,2025-06-24T17:04:00
TXN0735,ACC1066,Transfer,168432,Bangalore,2025-06-02T09:20:00
TXN0736,ACC1076,Deposit,45132,Jaipur,2025-06-15T10:24:00
TXN0737,ACC1041,Transfer,60357,Bangalore,2025-06-12T19:27:00
TXN0738,ACC1081,Deposit,91293,Bangalore,2025-06-23T15:09:00
TXN0739,ACC1064,Withdrawal,19363,Chennai,2025-06-24T23:47:00
TXN0740,ACC1015,Withdrawal,12459,Bangalore,2025-06-14T17:29:00
TXN0741,ACC1077,Transfer,36058,Chennai,2025-06-18T23:24:00
TXN0742,ACC1035,Withdrawal,9873,Hyderabad,2025-06-22T21:09:00
TXN0743,ACC1034,Withdrawal,6649,Delhi,2025-06-18T12:46:00
TXN0744,ACC1064,Withdrawal,15157,Jaipur,2025-06-11T16:56:00
TXN0745,ACC1083,Withdrawal,10464,Mumbai,2025-06-25T04:11:00
TXN0746,ACC1010,Deposit,33403,Chennai,2025-06-08T11:29:00
TXN0747,ACC1063,Transfer,15432,Pune,2025-06-03T13:41:00
TXN0748,ACC1077,Deposit,90467,Delhi,2025-06-27T20:54:00
TXN0749,ACC1059,Withdrawal,16690,Hyderabad,2025-06-04T06:12:00
TXN0750,ACC1087,Deposit,63495,Pune,2025-06-02T16:13:00
TXN0751,ACC1044,Deposit,69255,Mumbai,2025-06-21T21:52:00
TXN0752,ACC1075,Deposit,89965,Kolkata,2025-06-14T16:10:00
TXN0753,ACC1094,Transfer,121626,Bangalore,2025-06-29T08:22:00
TXN0754,ACC1066,Deposit,49774,Chennai,2025-06-19T09:14:00
TXN0755,ACC1097,Withdrawal,18222,Mumbai,2025-06-06T14:56:00
TXN0756,ACC1045,Deposit,44285,Mumbai,2025-06-13T20:33:00
TXN0757,ACC1029,Deposit,30990,Jaipur,2025-06-26T19:04:00
TXN0758,ACC1016,Transfer,199743,Hyderabad,2025-06-21T18:36:00
TXN0759,ACC1010,Deposit,64794,Kolkata,2025-06-22T05:57:00
TXN0760,ACC1006,Transfer,114782,Chennai,2025-06-07T01:49:00
TXN0761,ACC1051,Withdrawal,3705,Delhi,2025-06-16T23:40:00
TXN0762,ACC1065,Transfer,73103,Chennai,2025-06-22T22:18:00
TXN0763,ACC1009,Deposit,14045,Kolkata,2025-06-23T06:14:00
TXN0764,ACC1026,Deposit,93412,Jaipur,2025-06-03T07:03:00
TXN0765,ACC1054,Deposit,54952,Delhi,2025-06-22T16:48:00
TXN0766,ACC1023,Withdrawal,13456,Bangalore,2025-06-23T08:09:00
TXN0767,ACC1037,Withdrawal,5213,Pune,2025-06-17T22:37:00
TXN0768,ACC1062,Deposit,31306,Hyderabad,2025-06-03T17:21:00
TXN0769,ACC1026,Transfer,185042,Jaipur,2025-06-21T02:19:00
TXN0770,ACC1038,Transfer,118778,Bangalore,2025-06-25T12:18:00
TXN0771,ACC1022,Withdrawal,2210,Jaipur,2025-06-11T05:31:00
TXN0772,ACC1001,Withdrawal,7622,Kolkata,2025-06-24T20:04:00
TXN0773,ACC1001,Deposit,56609,Delhi,2025-06-08T11:27:00
TXN0774,ACC1078,Deposit,30985,Jaipur,2025-06-19T23:10:00
TXN0775,ACC1034,Transfer,51779,Chennai,2025-06-18T23:51:00
TXN0776,ACC1004,Deposit,36090,Chennai,2025-06-21T02:45:00
TXN0777,ACC1007,Withdrawal,5734,Hyderabad,2025-06-27T18:23:00
TXN0778,ACC1020,Deposit,67551,Mumbai,2025-06-02T08:00:00
TXN0779,ACC1091,Deposit,12409,Hyderabad,2025-06-05T13:58:00
TXN0780,ACC1077,Transfer,43941,Bangalore,2025-06-20T04:51:00
TXN0781,ACC1064,Transfer,122892,Jaipur,2025-06-20T16:26:00
TXN0782,ACC1095,Deposit,46026,Delhi,2025-06-02T17:08:00
TXN0783,ACC1097,Transfer,188254,Pune,2025-06-30T21:47:00
TXN0784,ACC1080,Deposit,29216,Hyderabad,2025-06-28T13:54:00
TXN0785,ACC1029,Withdrawal,6709,Mumbai,2025-06-19T04:11:00
TXN0786,ACC1009,Transfer,85044,Kolkata,2025-06-14T02:24:00
TXN0787,ACC1030,Transfer,131566,Jaipur,2025-06-09T15:23:00
TXN0788,ACC1022,Deposit,72225,Bangalore,2025-06-18T23:32:00
TXN0789,ACC1076,Withdrawal,15616,Mumbai,2025-06-16T02:09:00
TXN0790,ACC1035,Deposit,17541,Pune,2025-06-06T14:32:00
TXN0791,ACC1043,Transfer,117160,Jaipur,2025-06-13T17:35:00
TXN0792,ACC1043,Withdrawal,5191,Mumbai,2025-06-14T18:08:00
TXN0793,ACC1030,Withdrawal,3146,Jaipur,2025-06-10T23:17:00
TXN0794,ACC1012,Withdrawal,16512,Jaipur,2025-06-04T03:21:00
TXN0795,ACC1050,Transfer,119820,Mumbai,2025-06-05T12:19:00
TXN0796,ACC1047,Transfer,77702,Chennai,2025-06-03T13:08:00
TXN0797,ACC1098,Withdrawal,14638,Pune,2025-06-29T15:45:00
TXN0798,ACC1051,Deposit,53570,Chennai,2025-06-19T05:08:00
TXN0799,ACC1039,Withdrawal,14556,Delhi,2025-06-24T04:52:00
TXN0800,ACC1010,Withdrawal,3760,Hyderabad,2025-06-03T04:20:00
TXN0801,ACC1036,Withdrawal,7887,Mumbai,2025-06-03T05:01:00
TXN0802,ACC1096,Transfer,172082,Bangalore,2025-06-16T18:57:00
TXN0803,ACC1087,Transfer,198983,Hyderabad,2025-06-01T18:37:00
TXN0804,ACC1083,Transfer,131379,Chennai,2025-06-19T19:35:00
TXN0805,ACC1098,Deposit,31448,Chennai,2025-06-17T15:47:00
TXN0806,ACC1013,Withdrawal,6037,Jaipur,2025-06-03T10:46:00
TXN0807,ACC1035,Withdrawal,14994,Kolkata,2025-06-06T03:53:00
TXN0808,ACC1004,Transfer,69929,Hyderabad,2025-06-15T08:22:00
TXN0809,ACC1053,Withdrawal,2718,Chennai,2025-06-24T16:31:00
TXN0810,ACC1100,Deposit,75555,Pune,2025-06-20T14:45:00
TXN0811,ACC1046,Deposit,77455,Jaipur,2025-06-05T09:22:00
TXN0812,ACC1040,Deposit,72671,Delhi,2025-06-02T07:25:00
TXN0813,ACC1035,Transfer,27229,Hyderabad,2025-06-22T09:25:00
TXN0814,ACC1099,Transfer,179141,Jaipur,2025-06-02T19:54:00
TXN0815,ACC1035,Deposit,12044,Mumbai,2025-06-19T00:20:00
TXN0816,ACC1091,Withdrawal,11853,Hyderabad,2025-06-29T19:59:00
TXN0817,ACC1024,Deposit,55792,Bangalore,2025-06-04T18:43:00
TXN0818,ACC1050,Deposit,56405,Hyderabad,2025-06-01T00:03:00
TXN0819,ACC1086,Transfer,158397,Bangalore,2025-06-19T18:23:00
TXN0820,ACC1093,Deposit,62911,Jaipur,2025-06-22T05:57:00
TXN0821,ACC1053,Transfer,114021,Hyderabad,2025-06-06T19:13:00
TXN0822,ACC1034,Transfer,145229,Pune,2025-06-14T08:32:00
TXN0823,ACC1096,Transfer,161549,Chennai,2025-06-06T12:05:00
TXN0824,ACC1004,Transfer,62789,Delhi,2025-06-05T14:36:00
TXN0825,ACC1044,Withdrawal,15996,Pune,2025-06-02T06:10:00
TXN0826,ACC1018,Withdrawal,3732,Bangalore,2025-06-04T13:03:00
TXN0827,ACC1064,Withdrawal,4350,Jaipur,2025-06-01T16:57:00
TXN0828,ACC1052,Deposit,52471,Bangalore,2025-06-10T04:58:00
TXN0829,ACC1002,Withdrawal,14677,Pune,2025-06-11T10:00:00
TXN0830,ACC1075,Withdrawal,4262,Kolkata,2025-06-13T21:09:00
TXN0831,ACC1063,Transfer,96133,Bangalore,2025-06-16T05:40:00
TXN0832,ACC1020,Deposit,65555,Mumbai,2025-06-22T22:01:00
TXN0833,ACC1019,Deposit,30323,Delhi,2025-06-03T00:51:00
TXN0834,ACC1030,Withdrawal,16187,Jaipur,2025-06-14T22:54:00
TXN0835,ACC1010,Withdrawal,7460,Hyderabad,2025-06-08T17:55:00
TXN0836,ACC1064,Transfer,116937,Chennai,2025-06-18T08:57:00
TXN0837,ACC1099,Deposit,41405,Jaipur,2025-06-19T07:14:00
TXN0838,ACC1048,Deposit,53936,Hyderabad,2025-06-13T13:45:00
TXN0839,ACC1076,Transfer,85977,Bangalore,2025-06-09T07:20:00
TXN0840,ACC1069,Deposit,71008,Jaipur,2025-06-21T20:33:00
TXN0841,ACC1074,Withdrawal,2562,Pune,2025-06-05T22:20:00
TXN0842,ACC1098,Deposit,87375,Mumbai,2025-06-02T11:30:00
TXN0843,ACC1007,Deposit,64419,Chennai,2025-06-03T08:34:00
TXN0844,ACC1002,Transfer,180635,Delhi,2025-06-28T10:37:00
TXN0845,ACC1087,Transfer,151223,Mumbai,2025-06-18T02:22:00
TXN0846,ACC1055,Transfer,89397,Kolkata,2025-06-05T05:44:00
TXN0847,ACC1042,Transfer,121151,Mumbai,2025-06-09T01:05:00
TXN0848,ACC1032,Withdrawal,13598,Delhi,2025-06-08T02:40:00
TXN0849,ACC1051,Deposit,20760,Chennai,2025-06-01T00:16:00
TXN0850,ACC1033,Deposit,78240,Bangalore,2025-06-29T15:49:00
TXN0851,ACC1068,Withdrawal,15064,Kolkata,2025-06-26T00:46:00
TXN0852,ACC1096,Deposit,15636,Bangalore,2025-06-01T01:50:00
TXN0853,ACC1003,Transfer,191721,Jaipur,2025-06-28T22:46:00
TXN0854,ACC1055,Transfer,180531,Mumbai,2025-06-16T16:47:00
TXN0855,ACC1030,Withdrawal,7015,Pune,2025-06-05T07:14:00
TXN0856,ACC1081,Withdrawal,5502,Pune,2025-06-13T13:02:00
TXN0857,ACC1017,Withdrawal,18370,Kolkata,2025-06-29T10:15:00
TXN0858,ACC1058,Withdrawal,15818,Mumbai,2025-06-21T10:50:00
TXN0859,ACC1015,Transfer,53675,Chennai,2025-06-13T17:07:00
TXN0860,ACC1095,Withdrawal,12904,Mumbai,2025-06-16T22:56:00
TXN0861,ACC1092,Transfer,27900,Kolkata,2025-06-09T16:20:00
TXN0862,ACC1058,Deposit,21103,Jaipur,2025-06-19T04:20:00
TXN0863,ACC1036,Deposit,68653,Mumbai,2025-06-06T20:17:00
TXN0864,ACC1041,Withdrawal,11267,Mumbai,2025-06-04T06:23:00
TXN0865,ACC1082,Transfer,10387,Delhi,2025-06-24T14:06:00
TXN0866,ACC1040,Transfer,192315,Kolkata,2025-06-19T23:52:00
TXN0867,ACC1031,Withdrawal,2222,Hyderabad,2025-06-19T03:49:00
TXN0868,ACC1015,Withdrawal,3593,Pune,2025-06-20T23:06:00
TXN0869,ACC1041,Withdrawal,16292,Chennai,2025-06-15T04:36:00
TXN0870,ACC1083,Withdrawal,18843,Mumbai,2025-06-25T03:25:00
TXN0871,ACC1024,Withdrawal,10324,Mumbai,2025-06-15T23:05:00
TXN0872,ACC1009,Transfer,121963,Delhi,2025-06-24T20:38:00
TXN0873,ACC1022,Transfer,144359,Delhi,2025-06-19T18:26:00
TXN0874,ACC1039,Deposit,29755,Mumbai,2025-06-08T08:59:00
TXN0875,ACC1037,Transfer,189787,Bangalore,2025-06-30T06:30:00
TXN0876,ACC1088,Withdrawal,9719,Pune,2025-06-29T06:21:00
TXN0877,ACC1072,Transfer,62558,Chennai,2025-06-14T06:05:00
TXN0878,ACC1092,Transfer,30044,Bangalore,2025-06-12T00:15:00
TXN0879,ACC1022,Deposit,42821,Pune,2025-06-17T18:42:00
TXN0880,ACC1016,Deposit,53394,Pune,2025-06-23T17:55:00
TXN0881,ACC1017,Transfer,73548,Chennai,2025-06-15T09:45:00
TXN0882,ACC1053,Withdrawal,18175,Jaipur,2025-06-01T04:06:00
TXN0883,ACC1002,Transfer,126904,Kolkata,2025-06-11T16:36:00
TXN0884,ACC1089,Deposit,20641,Chennai,2025-06-22T00:35:00
TXN0885,ACC1081,Withdrawal,17045,Chennai,2025-06-11T22:24:00
TXN0886,ACC1060,Transfer,73089,Pune,2025-06-20T05:01:00
TXN0887,ACC1017,Withdrawal,1756,Chennai,2025-06-11T03:56:00
TXN0888,ACC1086,Withdrawal,10556,Jaipur,2025-06-14T19:04:00
TXN0889,ACC1061,Deposit,36194,Delhi,2025-06-17T03:43:00
TXN0890,ACC1079,Withdrawal,19131,Kolkata,2025-06-12T09:01:00
TXN0891,ACC1095,Withdrawal,12150,Jaipur,2025-06-28T22:10:00
TXN0892,ACC1080,Deposit,99266,Jaipur,2025-06-29T04:41:00
TXN0893,ACC1021,Withdrawal,13014,Bangalore,2025-06-23T18:04:00
TXN0894,ACC1011,Withdrawal,4360,Pune,2025-06-02T23:57:00
TXN0895,ACC1073,Deposit,91777,Bangalore,2025-06-09T01:52:00
TXN0896,ACC1071,Withdrawal,15363,Hyderabad,2025-06-27T20:51:00
TXN0897,ACC1068,Transfer,120047,Chennai,2025-06-20T18:36:00
TXN0898,ACC1021,Transfer,127683,Mumbai,2025-06-22T20:17:00
TXN0899,ACC1055,Transfer,119166,Pune,2025-06-28T06:43:00
TXN0900,ACC1012,Transfer,13899,Pune,2025-06-17T06:03:00
TXN0901,ACC1097,Withdrawal,6532,Hyderabad,2025-06-16T17:31:00
TXN0902,ACC1077,Withdrawal,6889,Pune,2025-06-14T06:23:00
TXN0903,ACC1069,Withdrawal,5771,Pune,2025-06-16T19:43:00
TXN0904,ACC1048,Withdrawal,10769,Jaipur,2025-06-28T17:44:00
TXN0905,ACC1033,Deposit,95050,Bangalore,2025-06-21T00:51:00
TXN0906,ACC1015,Withdrawal,6874,Pune,2025-06-11T09:01:00
TXN0907,ACC1072,Transfer,28082,Chennai,2025-06-25T13:01:00
TXN0908,ACC1050,Deposit,31632,Bangalore,2025-06-08T22:25:00
TXN0909,ACC1049,Deposit,70030,Kolkata,2025-06-22T01:52:00
TXN0910,ACC1092,Transfer,165240,Mumbai,2025-06-17T05:30:00
TXN0911,ACC1005,Deposit,38058,Mumbai,2025-06-15T14:05:00
TXN0912,ACC1040,Withdrawal,6655,Pune,2025-06-19T03:05:00
TXN0913,ACC1036,Withdrawal,5005,Kolkata,2025-06-08T18:00:00
TXN0914,ACC1010,Withdrawal,2783,Jaipur,2025-06-13T04:54:00
TXN0915,ACC1046,Transfer,24971,Jaipur,2025-06-27T06:41:00
TXN0916,ACC1005,Withdrawal,13501,Mumbai,2025-06-05T11:31:00
TXN0917,ACC1090,Deposit,92906,Pune,2025-06-14T16:09:00
TXN0918,ACC1045,Withdrawal,2487,Bangalore,2025-06-12T11:21:00
TXN0919,ACC1073,Withdrawal,7072,Delhi,2025-06-20T08:02:00
TXN0920,ACC1090,Transfer,28147,Delhi,2025-06-21T20:29:00
TXN0921,ACC1009,Withdrawal,14654,Hyderabad,2025-06-07T18:39:00
TXN0922,ACC1016,Withdrawal,1671,Chennai,2025-06-06T17:45:00
TXN0923,ACC1075,Withdrawal,9703,Hyderabad,2025-06-15T02:42:00
TXN0924,ACC1072,Transfer,44781,Jaipur,2025-06-06T12:12:00
TXN0925,ACC1077,Withdrawal,15729,Delhi,2025-06-05T13:27:00
TXN0926,ACC1045,Transfer,198674,Jaipur,2025-06-18T06:52:00
TXN0927,ACC1051,Transfer,47131,Jaipur,2025-06-06T09:13:00
TXN0928,ACC1057,Transfer,167865,Pune,2025-06-23T16:15:00
TXN0929,ACC1007,Deposit,40047,Mumbai,2025-06-04T11:09:00
TXN0930,ACC1091,Transfer,42869,Hyderabad,2025-06-19T14:37:00
TXN0931,ACC1061,Deposit,9561,Kolkata,2025-06-10T21:55:00
TXN0932,ACC1095,Transfer,29950,Jaipur,2025-06-29T20:01:00
TXN0933,ACC1048,Deposit,32356,Chennai,2025-06-29T13:13:00
TXN0934,ACC1085,Withdrawal,11795,Kolkata,2025-06-28T05:16:00
TXN0935,ACC1061,Withdrawal,16874,Kolkata,2025-06-01T17:14:00
TXN0936,ACC1055,Withdrawal,5447,Jaipur,2025-06-20T13:02:00
TXN0937,ACC1017,Withdrawal,19636,Delhi,2025-06-11T13:16:00
TXN0938,ACC1026,Deposit,68346,Chennai,2025-06-29T15:40:00
TXN0939,ACC1013,Transfer,79704,Jaipur,2025-06-07T15:51:00
TXN0940,ACC1015,Transfer,11724,Kolkata,2025-06-03T23:33:00
TXN0941,ACC1062,Withdrawal,4282,Jaipur,2025-06-05T08:40:00
TXN0942,ACC1052,Deposit,23579,Pune,2025-06-18T03:59:00
TXN0943,ACC1054,Transfer,21213,Mumbai,2025-06-28T00:41:00
TXN0944,ACC1052,Transfer,192929,Delhi,2025-06-28T03:39:00
TXN0945,ACC1071,Deposit,42533,Pune,2025-06-04T19:10:00
TXN0946,ACC1060,Deposit,21211,Hyderabad,2025-06-29T16:06:00
TXN0947,ACC1059,Withdrawal,10243,Hyderabad,2025-06-12T12:33:00
TXN0948,ACC1001,Transfer,99634,Jaipur,2025-06-22T21:25:00
TXN0949,ACC1039,Withdrawal,18411,Jaipur,2025-06-05T06:49:00
TXN0950,ACC1068,Transfer,61016,Mumbai,2025-06-11T17:48:00
TXN0951,ACC1030,Withdrawal,13710,Hyderabad,2025-06-01T00:19:00
TXN0952,ACC1008,Deposit,9713,Pune,2025-06-03T20:53:00
TXN0953,ACC1004,Transfer,10967,Hyderabad,2025-06-13T10:06:00
TXN0954,ACC1067,Withdrawal,4874,Delhi,2025-06-23T11:56:00
TXN0955,ACC1027,Withdrawal,12303,Delhi,2025-06-02T12:36:00
TXN0956,ACC1083,Deposit,11138,Delhi,2025-06-28T14:26:00
TXN0957,ACC1054,Deposit,86353,Pune,2025-06-14T21:47:00
TXN0958,ACC1002,Transfer,36305,Kolkata,2025-06-26T20:46:00
TXN0959,ACC1045,Deposit,49543,Chennai,2025-06-10T15:44:00
TXN0960,ACC1075,Transfer,189710,Bangalore,2025-06-17T23:37:00
TXN0961,ACC1088,Deposit,80206,Kolkata,2025-06-23T10:06:00
TXN0962,ACC1059,Transfer,116830,Pune,2025-06-08T12:58:00
TXN0963,ACC1039,Deposit,86149,Hyderabad,2025-06-30T09:02:00
TXN0964,ACC1083,Deposit,83528,Kolkata,2025-06-29T14:06:00
TXN0965,ACC1065,Withdrawal,14591,Bangalore,2025-06-05T09:33:00
TXN0966,ACC1044,Transfer,27403,Chennai,2025-06-20T02:13:00
TXN0967,ACC1075,Transfer,25805,Chennai,2025-06-10T21:36:00
TXN0968,ACC1061,Transfer,66543,Delhi,2025-06-25T08:54:00
TXN0969,ACC1060,Deposit,68810,Chennai,2025-06-11T11:55:00
TXN0970,ACC1098,Deposit,9086,Delhi,2025-06-18T13:32:00
TXN0971,ACC1012,Transfer,125539,Bangalore,2025-06-10T09:11:00
TXN0972,ACC1100,Deposit,31670,Bangalore,2025-06-26T23:26:00
TXN0973,ACC1050,Withdrawal,10343,Delhi,2025-06-25T13:16:00
TXN0974,ACC1053,Transfer,105381,Chennai,2025-06-26T01:34:00
TXN0975,ACC1099,Withdrawal,9581,Kolkata,2025-06-24T14:16:00
TXN0976,ACC1042,Withdrawal,19198,Mumbai,2025-06-28T08:18:00
TXN0977,ACC1050,Deposit,87590,Delhi,2025-06-14T21:09:00
TXN0978,ACC1040,Transfer,79331,Bangalore,2025-06-18T02:05:00
TXN0979,ACC1065,Withdrawal,7063,Pune,2025-06-04T02:09:00
TXN0980,ACC1023,Withdrawal,7198,Bangalore,2025-06-04T00:25:00
TXN0981,ACC1064,Transfer,199089,Mumbai,2025-06-23T20:23:00
TXN0982,ACC1072,Withdrawal,2452,Delhi,2025-06-07T16:44:00
TXN0983,ACC1093,Transfer,153020,Delhi,2025-06-19T23:05:00
TXN0984,ACC1100,Withdrawal,13427,Kolkata,2025-06-30T22:08:00
TXN0985,ACC1003,Deposit,50515,Kolkata,2025-06-01T13:25:00
TXN0986,ACC1019,Deposit,9353,Jaipur,2025-06-27T12:33:00
TXN0987,ACC1089,Deposit,79882,Bangalore,2025-06-25T16:13:00
TXN0988,ACC1001,Transfer,175398,Jaipur,2025-06-13T22:39:00
TXN0989,ACC1065,Transfer,82345,Pune,2025-06-15T18:33:00
TXN0990,ACC1093,Withdrawal,6737,Pune,2025-06-30T14:11:00
TXN0991,ACC1080,Deposit,16006,Bangalore,2025-06-24T05:10:00
TXN0992,ACC1038,Withdrawal,2069,Delhi,2025-06-02T07:41:00
TXN0993,ACC1021,Deposit,81991,Delhi,2025-06-19T03:33:00
TXN0994,ACC1040,Deposit,79370,Chennai,2025-06-11T17:15:00
TXN0995,ACC1096,Deposit,58662,Delhi,2025-06-11T07:45:00
TXN0996,ACC1023,Deposit,65829,Mumbai,2025-06-15T11:28:00
TXN0997,ACC1011,Deposit,26658,Jaipur,2025-06-26T04:20:00
TXN0998,ACC1097,Deposit,71204,Mumbai,2025-06-22T13:50:00
TXN0999,ACC1037,Transfer,165163,Hyderabad,2025-06-08T11:57:00
TXN1000,ACC1058,Deposit,63946,Delhi,2025-06-05T21:09:00
