session_id,user_id,game_id,start_time,end_time,result,device
S0001,U0057,G05,2025-06-10T22:00:00,2025-06-10T22:01:00,QUIT,Tablet
S0002,U0082,G01,2025-06-12T17:00:00,2025-06-12T17:30:00,LOSE,Tablet
S0003,U0011,G03,,2025-06-28T09:06:00,QUIT,Mobile
S0004,U0044,G09,2025-06-17T19:00:00,2025-06-17T20:07:00,QUIT,Mobile
S0005,U0098,G06,2025-06-02T06:00:00,2025-06-02T06:03:00,QUIT,Desktop
S0006,U0001,G10,2025-06-08T06:00:00,2025-06-08T06:14:00,WIN,Tablet
S0007,U0073,G03,2025-06-01T17:00:00,2025-06-01T17:53:00,LOSE,Mobile
S0008,U0054,G05,2025-06-17T22:00:00,2025-06-17T23:02:00,WIN,Desktop
S0009,U0049,G07,2025-06-01T12:00:00,2025-06-01T12:38:00,QUIT,Mobile
S0010,U0027,G08,2025-06-09T14:00:00,2025-06-09T15:06:00,QUIT,Desktop
S0011,U0014,G06,2025-06-17T20:00:00,2025-06-17T20:04:00,WIN,Tablet
S0012,U0045,G01,2025-06-20T05:00:00,2025-06-20T05:47:00,LOSE,Mobile
S0013,U0096,G10,2025-06-12T14:00:00,2025-06-12T15:16:00,LOSE,Mobile
S0014,U0090,G07,2025-06-29T07:00:00,2025-06-29T07:45:00,QUIT,Mobile
S0015,U0016,G03,,2025-06-19T14:52:00,WIN,Tablet
S0016,U0011,G09,2025-06-12T06:00:00,2025-06-12T06:22:00,QUIT,Desktop
S0017,U0038,G02,2025-06-11T18:00:00,2025-06-11T18:32:00,LOSE,Mobile
S0018,U0034,G05,2025-07-01T05:00:00,2025-07-01T06:01:00,QUIT,Desktop
S0019,U0007,G07,2025-06-22T20:00:00,2025-06-22T20:04:00,WIN,Mobile
S0020,U0087,G09,2025-06-21T19:00:00,2025-06-21T20:09:00,LOSE,Mobile
S0021,U0097,G05,2025-06-23T03:00:00,2025-06-23T04:15:00,WIN,Mobile
S0022,U0023,G09,2025-06-07T10:00:00,2025-06-07T10:28:00,LOSE,Mobile
S0023,U0011,G05,2025-06-08T17:00:00,2025-06-08T17:55:00,LOSE,Mobile
S0024,U0013,G10,2025-06-24T12:00:00,2025-06-24T13:07:00,LOSE,Tablet
S0025,U0066,G05,2025-06-29T01:00:00,2025-06-29T01:34:00,LOSE,Mobile
S0026,U0028,G03,2025-06-21T07:00:00,2025-06-21T08:23:00,LOSE,Mobile
S0027,U0097,G03,2025-06-08T13:00:00,2025-06-08T13:38:00,LOSE,Mobile
S0028,U0067,G03,2025-06-07T18:00:00,2025-06-07T18:19:00,WIN,Desktop
S0029,U0042,G08,2025-06-06T11:00:00,2025-06-06T12:17:00,QUIT,Desktop
S0030,U0007,G09,2025-06-19T09:00:00,2025-06-19T10:09:00,LOSE,Desktop
S0031,U0044,G09,2025-06-11T22:00:00,2025-06-11T22:02:00,LOSE,Tablet
S0032,U0008,G07,2025-06-07T20:00:00,2025-06-07T20:52:00,QUIT,Tablet
S0033,U0064,G06,2025-06-16T23:00:00,2025-06-16T23:58:00,LOSE,Desktop
S0034,U0030,G01,2025-06-21T04:00:00,2025-06-21T04:48:00,QUIT,Desktop
S0035,U0084,G10,2025-06-23T10:00:00,2025-06-23T11:28:00,LOSE,Tablet
S0036,U0036,G01,2025-06-01T13:00:00,2025-06-01T13:19:00,WIN,Tablet
S0037,U0054,G02,2025-06-29T08:00:00,2025-06-29T08:37:00,QUIT,Desktop
S0038,U0089,G06,2025-06-13T22:00:00,2025-06-13T23:08:00,LOSE,Mobile
S0039,U0064,G10,2025-06-19T11:00:00,2025-06-19T12:25:00,LOSE,Desktop
S0040,U0045,G08,2025-06-20T09:00:00,2025-06-20T09:33:00,WIN,Desktop
S0041,U0091,G01,2025-06-29T10:00:00,2025-06-29T10:41:00,QUIT,Tablet
S0042,U0039,G09,2025-07-02T07:00:00,2025-07-02T07:27:00,WIN,Mobile
S0043,U0015,G08,2025-06-09T20:00:00,2025-06-09T21:17:00,QUIT,Tablet
S0044,U0006,G07,2025-06-20T05:00:00,2025-06-20T05:02:00,LOSE,Desktop
S0045,U0082,G10,2025-06-02T16:00:00,2025-06-02T16:49:00,QUIT,Desktop
S0046,U0074,G05,2025-06-10T04:00:00,2025-06-10T04:36:00,LOSE,Mobile
S0047,U0070,G10,2025-06-30T12:00:00,2025-06-30T13:15:00,WIN,Mobile
S0048,U0065,G05,2025-06-29T17:00:00,2025-06-29T18:23:00,QUIT,Desktop
S0049,U0058,G06,2025-06-21T06:00:00,2025-06-21T07:10:00,QUIT,Tablet
S0050,U0004,G10,2025-07-01T20:00:00,2025-07-01T21:11:00,QUIT,Mobile
S0051,U0079,G10,2025-06-24T07:00:00,2025-06-24T08:10:00,LOSE,Desktop
S0052,U0070,G04,2025-06-18T23:00:00,2025-06-18T23:36:00,QUIT,Mobile
S0053,U0050,G06,2025-06-07T17:00:00,2025-06-07T18:10:00,QUIT,Tablet
S0054,U0025,G02,2025-06-07T03:00:00,2025-06-07T03:49:00,LOSE,Tablet
S0055,U0059,G01,2025-06-07T06:00:00,2025-06-07T06:30:00,QUIT,Mobile
S0056,U0018,G03,2025-06-20T01:00:00,2025-06-20T01:31:00,WIN,Mobile
S0057,U0095,G05,2025-06-08T10:00:00,2025-06-08T10:39:00,QUIT,Mobile
S0058,U0069,G10,2025-06-10T16:00:00,2025-06-10T17:26:00,QUIT,Mobile
S0059,U0085,G07,2025-06-25T08:00:00,2025-06-25T09:06:00,QUIT,Tablet
S0060,U0052,G03,2025-06-07T14:00:00,2025-06-07T14:24:00,LOSE,Desktop
S0061,U0035,G04,2025-06-26T00:00:00,2025-06-26T00:59:00,WIN,Desktop
S0062,U0067,G02,,2025-06-25T18:56:00,LOSE,Desktop
S0063,U0011,G01,2025-06-26T14:00:00,2025-06-26T15:11:00,WIN,Mobile
S0064,U0081,G10,2025-06-24T06:00:00,2025-06-24T06:29:00,LOSE,Tablet
S0065,U0069,G06,2025-06-03T18:00:00,2025-06-03T18:18:00,LOSE,Mobile
S0066,U0030,G06,2025-06-14T01:00:00,2025-06-14T01:05:00,WIN,Mobile
S0067,U0011,G08,2025-06-24T15:00:00,2025-06-24T15:56:00,LOSE,Mobile
S0068,U0074,G03,2025-06-16T21:00:00,2025-06-16T22:25:00,LOSE,Tablet
S0069,U0081,G09,2025-06-21T06:00:00,,QUIT,Tablet
S0070,U0052,G05,2025-06-23T22:00:00,2025-06-23T23:07:00,WIN,Tablet
S0071,U0008,G04,2025-06-05T03:00:00,2025-06-05T03:34:00,WIN,Desktop
S0072,U0092,G03,2025-06-04T02:00:00,2025-06-04T02:57:00,WIN,
S0073,U0027,G10,,2025-06-06T21:28:00,LOSE,Tablet
S0074,U0072,G03,2025-06-06T21:00:00,2025-06-06T22:24:00,LOSE,Tablet
S0075,U0073,G01,2025-06-06T09:00:00,2025-06-06T09:47:00,LOSE,
S0076,U0062,G06,2025-06-08T00:00:00,2025-06-08T01:28:00,WIN,Mobile
S0077,U0026,G07,2025-06-12T03:00:00,2025-06-12T04:14:00,WIN,Mobile
S0078,U0004,G07,2025-06-26T10:00:00,2025-06-26T10:29:00,LOSE,Tablet
S0079,U0036,G05,2025-06-05T15:00:00,2025-06-05T15:26:00,WIN,Mobile
S0080,U0052,G08,2025-06-15T05:00:00,2025-06-15T05:07:00,LOSE,Desktop
S0081,U0050,G03,2025-06-28T09:00:00,2025-06-28T10:06:00,WIN,Tablet
S0082,U0093,G01,2025-06-05T16:00:00,2025-06-05T17:05:00,QUIT,Tablet
S0083,U0086,G02,2025-06-27T12:00:00,2025-06-27T12:49:00,LOSE,Tablet
S0084,U0015,G10,2025-06-08T16:00:00,2025-06-08T16:42:00,LOSE,Mobile
S0085,U0098,G03,2025-06-03T13:00:00,2025-06-03T13:06:00,LOSE,Tablet
S0086,U0028,G01,2025-06-18T03:00:00,2025-06-18T03:14:00,QUIT,Desktop
S0087,U0095,G03,2025-06-02T01:00:00,,QUIT,Desktop
S0088,U0064,G07,2025-06-27T22:00:00,2025-06-27T22:15:00,WIN,Desktop
S0089,U0053,G04,2025-06-20T05:00:00,,LOSE,Mobile
S0090,U0093,G07,2025-07-02T00:00:00,2025-07-02T01:00:00,WIN,Tablet
S0091,U0020,G02,2025-06-02T23:00:00,2025-06-03T00:22:00,LOSE,Tablet
S0092,U0022,G01,2025-06-30T01:00:00,2025-06-30T02:01:00,LOSE,Mobile
S0093,U0016,G06,2025-07-01T02:00:00,2025-07-01T03:21:00,QUIT,Tablet
S0094,U0068,G04,2025-06-24T14:00:00,2025-06-24T14:03:00,QUIT,Mobile
S0095,U0025,G10,2025-07-02T09:00:00,2025-07-02T09:33:00,WIN,Mobile
S0096,U0030,G02,2025-06-12T04:00:00,2025-06-12T04:55:00,LOSE,Desktop
S0097,U0012,G03,2025-06-26T15:00:00,2025-06-26T15:39:00,LOSE,Desktop
S0098,U0089,G09,2025-06-12T13:00:00,2025-06-12T14:17:00,QUIT,Mobile
S0099,U0099,G08,2025-06-16T05:00:00,2025-06-16T06:00:00,LOSE,Desktop
S0100,U0092,G10,2025-07-01T09:00:00,2025-07-01T09:57:00,QUIT,Mobile
S0101,U0001,G01,2025-06-10T15:00:00,2025-06-10T15:44:00,WIN,Tablet
S0102,U0012,G05,2025-06-27T16:00:00,2025-06-27T16:07:00,WIN,Mobile
S0103,U0056,G02,2025-06-21T21:00:00,2025-06-21T21:35:00,LOSE,Mobile
S0104,U0096,G01,2025-06-19T09:00:00,2025-06-19T09:36:00,LOSE,Desktop
S0105,U0002,G06,2025-06-19T06:00:00,2025-06-19T06:44:00,LOSE,Desktop
S0106,U0068,G09,2025-06-19T15:00:00,2025-06-19T15:27:00,LOSE,Desktop
S0107,U0006,G03,2025-06-06T14:00:00,2025-06-06T15:11:00,WIN,Tablet
S0108,U0035,G05,2025-06-06T15:00:00,2025-06-06T15:38:00,LOSE,Tablet
S0109,U0018,G07,,2025-06-17T21:37:00,WIN,Mobile
S0110,U0035,G08,2025-06-19T00:00:00,2025-06-19T01:16:00,LOSE,Desktop
S0111,U0053,G08,2025-06-16T03:00:00,2025-06-16T03:33:00,WIN,Desktop
S0112,U0090,G03,2025-06-17T10:00:00,2025-06-17T10:11:00,QUIT,Tablet
S0113,U0093,G04,2025-06-03T16:00:00,2025-06-03T16:27:00,WIN,Mobile
S0114,U0087,G07,2025-06-14T10:00:00,2025-06-14T10:46:00,LOSE,Tablet
S0115,U0099,G05,2025-06-25T14:00:00,2025-06-25T14:01:00,QUIT,Mobile
S0116,U0099,G06,2025-06-07T00:00:00,,QUIT,Tablet
S0117,U0011,G03,2025-06-15T02:00:00,2025-06-15T03:25:00,QUIT,Mobile
S0118,U0076,G01,2025-06-27T05:00:00,2025-06-27T06:05:00,,Mobile
S0119,U0023,G09,2025-06-24T09:00:00,2025-06-24T10:08:00,QUIT,Tablet
S0120,U0027,G10,2025-06-08T21:00:00,2025-06-08T22:14:00,LOSE,Mobile
S0121,U0039,G08,2025-06-07T11:00:00,2025-06-07T12:06:00,WIN,Mobile
S0122,U0016,G08,2025-06-22T20:00:00,,WIN,Desktop
S0123,U0062,G08,2025-06-18T20:00:00,2025-06-18T20:46:00,WIN,Tablet
S0124,U0056,G06,2025-06-13T01:00:00,2025-06-13T02:02:00,LOSE,Mobile
S0125,U0093,G07,2025-06-01T20:00:00,2025-06-01T21:04:00,WIN,Tablet
S0126,U0043,G10,2025-06-26T21:00:00,2025-06-26T21:50:00,LOSE,Desktop
S0127,U0038,G02,2025-07-02T00:00:00,2025-07-02T00:39:00,QUIT,Mobile
S0128,U0060,G05,2025-06-05T19:00:00,2025-06-05T20:16:00,QUIT,Mobile
S0129,U0021,G01,2025-06-04T02:00:00,2025-06-04T02:11:00,QUIT,Mobile
S0130,U0018,G03,2025-06-06T23:00:00,2025-06-06T23:10:00,LOSE,Tablet
S0131,U0052,G10,2025-06-04T11:00:00,,LOSE,Mobile
S0132,U0062,G06,2025-06-20T21:00:00,2025-06-20T21:37:00,WIN,Desktop
S0133,U0046,G07,2025-06-16T17:00:00,2025-06-16T18:12:00,WIN,Mobile
S0134,U0009,G09,2025-06-18T03:00:00,2025-06-18T03:03:00,QUIT,Desktop
S0135,U0070,G07,2025-06-21T15:00:00,2025-06-21T15:18:00,LOSE,Tablet
S0136,U0078,G02,2025-06-26T15:00:00,2025-06-26T16:30:00,WIN,Desktop
S0137,U0082,G06,2025-06-07T06:00:00,2025-06-07T06:21:00,WIN,Desktop
S0138,U0072,G09,2025-06-29T15:00:00,2025-06-29T15:12:00,QUIT,Mobile
S0139,U0023,G02,2025-06-23T09:00:00,2025-06-23T09:19:00,QUIT,Desktop
S0140,U0042,G04,2025-06-22T23:00:00,2025-06-22T23:42:00,WIN,Desktop
S0141,U0017,G02,2025-06-24T15:00:00,2025-06-24T15:39:00,WIN,Mobile
S0142,U0054,G07,2025-06-22T22:00:00,,LOSE,Tablet
S0143,U0044,G05,2025-06-09T13:00:00,2025-06-09T13:44:00,QUIT,Mobile
S0144,U0020,G04,,2025-06-27T05:21:00,WIN,Tablet
S0145,U0068,G06,2025-06-14T06:00:00,2025-06-14T06:31:00,LOSE,Desktop
S0146,U0094,G04,,2025-06-12T09:12:00,LOSE,Tablet
S0147,U0046,G05,2025-06-23T19:00:00,2025-06-23T19:52:00,LOSE,Desktop
S0148,U0097,G06,2025-06-17T11:00:00,2025-06-17T11:10:00,LOSE,Desktop
S0149,U0070,G09,2025-06-29T06:00:00,2025-06-29T06:01:00,QUIT,Mobile
S0150,U0098,G10,2025-06-08T05:00:00,2025-06-08T05:20:00,QUIT,Tablet
S0151,U0035,G03,2025-06-22T05:00:00,2025-06-22T05:59:00,LOSE,Tablet
S0152,U0078,G05,2025-06-12T11:00:00,2025-06-12T11:25:00,WIN,Mobile
S0153,U0040,G09,2025-06-05T15:00:00,2025-06-05T15:07:00,QUIT,Tablet
S0154,U0094,G01,2025-06-09T19:00:00,2025-06-09T20:04:00,WIN,Desktop
S0155,U0059,G04,2025-06-09T14:00:00,2025-06-09T15:10:00,QUIT,Desktop
S0156,U0068,G02,2025-06-06T03:00:00,2025-06-06T03:24:00,QUIT,Desktop
S0157,U0051,G05,2025-06-07T23:00:00,2025-06-07T23:33:00,LOSE,Desktop
S0158,U0084,G08,2025-06-22T13:00:00,2025-06-22T13:21:00,QUIT,Desktop
S0159,U0057,G07,2025-06-02T12:00:00,2025-06-02T12:21:00,QUIT,Tablet
S0160,U0029,G08,2025-06-12T10:00:00,2025-06-12T10:17:00,LOSE,Tablet
S0161,U0024,G08,2025-06-06T06:00:00,2025-06-06T06:21:00,QUIT,Tablet
S0162,U0058,G01,2025-06-06T09:00:00,2025-06-06T10:09:00,LOSE,Tablet
S0163,U0037,G05,2025-06-28T12:00:00,2025-06-28T12:40:00,LOSE,Mobile
S0164,U0011,G04,2025-06-03T13:00:00,2025-06-03T14:04:00,LOSE,Desktop
S0165,U0064,G06,2025-06-30T06:00:00,2025-06-30T06:45:00,WIN,Tablet
S0166,U0048,G04,2025-06-09T12:00:00,2025-06-09T12:43:00,LOSE,Tablet
S0167,U0079,G10,2025-06-15T19:00:00,2025-06-15T19:50:00,,Mobile
S0168,U0014,G09,2025-06-20T08:00:00,2025-06-20T08:41:00,,Mobile
S0169,U0043,G04,2025-06-17T02:00:00,2025-06-17T02:36:00,WIN,Mobile
S0170,U0006,G04,2025-07-01T17:00:00,2025-07-01T18:11:00,QUIT,
S0171,U0072,G09,2025-06-14T12:00:00,2025-06-14T13:18:00,QUIT,Tablet
S0172,U0073,G02,2025-06-10T05:00:00,,LOSE,Mobile
S0173,U0002,G08,2025-06-03T16:00:00,2025-06-03T16:18:00,QUIT,Tablet
S0174,U0085,G03,2025-06-20T08:00:00,2025-06-20T08:02:00,LOSE,Mobile
S0175,U0057,G10,2025-06-08T10:00:00,2025-06-08T11:15:00,QUIT,Mobile
S0176,U0014,G06,2025-06-29T12:00:00,2025-06-29T13:07:00,LOSE,Tablet
S0177,U0020,G01,2025-06-12T13:00:00,2025-06-12T13:59:00,WIN,Mobile
S0178,U0024,G05,2025-06-07T09:00:00,2025-06-07T09:51:00,QUIT,Desktop
S0179,U0030,G02,2025-07-02T04:00:00,2025-07-02T04:18:00,WIN,Mobile
S0180,U0025,G01,2025-06-16T23:00:00,2025-06-17T00:19:00,WIN,Tablet
S0181,U0026,G07,2025-06-15T11:00:00,2025-06-15T11:40:00,LOSE,Desktop
S0182,U0033,G10,2025-06-26T17:00:00,2025-06-26T17:17:00,WIN,Tablet
S0183,U0084,G03,2025-06-20T19:00:00,,QUIT,Mobile
S0184,U0068,G09,,2025-06-18T08:01:00,WIN,Tablet
S0185,U0011,G03,2025-06-13T14:00:00,2025-06-13T14:34:00,LOSE,Mobile
S0186,U0014,G05,2025-06-15T02:00:00,,QUIT,Tablet
S0187,U0075,G02,2025-06-23T05:00:00,2025-06-23T05:18:00,QUIT,Mobile
S0188,U0031,G06,2025-06-13T05:00:00,2025-06-13T06:09:00,WIN,Tablet
S0189,U0028,G08,2025-06-24T06:00:00,2025-06-24T06:14:00,QUIT,Desktop
S0190,U0089,G01,2025-06-22T19:00:00,2025-06-22T19:48:00,QUIT,Tablet
S0191,U0076,G05,2025-06-24T01:00:00,2025-06-24T01:14:00,QUIT,Desktop
S0192,U0096,G05,2025-06-23T17:00:00,,LOSE,Desktop
S0193,U0031,G08,2025-06-25T07:00:00,2025-06-25T08:11:00,QUIT,Mobile
S0194,U0070,G06,2025-06-09T00:00:00,2025-06-09T01:05:00,LOSE,Mobile
S0195,U0081,G02,2025-06-04T17:00:00,2025-06-04T17:56:00,LOSE,Mobile
S0196,U0023,G02,2025-06-07T16:00:00,2025-06-07T17:13:00,WIN,Tablet
S0197,U0019,G07,2025-06-16T03:00:00,2025-06-16T03:32:00,WIN,Desktop
S0198,U0025,G04,2025-06-24T21:00:00,2025-06-24T21:12:00,QUIT,Tablet
S0199,U0066,G04,2025-06-24T05:00:00,2025-06-24T05:45:00,WIN,Mobile
S0200,U0078,G04,2025-06-08T17:00:00,2025-06-08T18:25:00,QUIT,Tablet
S0201,U0044,G08,2025-07-01T06:00:00,2025-07-01T06:57:00,WIN,Tablet
S0202,U0002,G05,2025-06-14T12:00:00,2025-06-14T12:01:00,QUIT,Tablet
S0203,U0024,G08,2025-06-15T16:00:00,2025-06-15T17:19:00,LOSE,Mobile
S0204,U0086,G10,,2025-06-13T08:20:00,WIN,Tablet
S0205,U0002,G03,2025-06-16T00:00:00,2025-06-16T00:40:00,WIN,Mobile
S0206,U0009,G05,2025-06-08T13:00:00,2025-06-08T14:11:00,QUIT,Tablet
S0207,U0082,G03,2025-06-25T16:00:00,2025-06-25T16:20:00,WIN,Mobile
S0208,U0001,G06,2025-06-14T20:00:00,,WIN,Tablet
S0209,U0046,G09,2025-06-17T13:00:00,2025-06-17T13:08:00,QUIT,Mobile
S0210,U0039,G05,2025-06-13T13:00:00,2025-06-13T14:15:00,WIN,Desktop
S0211,U0072,G02,2025-06-27T17:00:00,2025-06-27T18:26:00,LOSE,Tablet
S0212,U0098,G05,2025-06-23T08:00:00,2025-06-23T08:05:00,WIN,Desktop
S0213,U0085,G04,2025-06-29T21:00:00,2025-06-29T22:15:00,WIN,Desktop
S0214,U0077,G05,2025-06-07T22:00:00,2025-06-07T22:41:00,WIN,Mobile
S0215,U0030,G05,2025-06-19T12:00:00,2025-06-19T13:18:00,LOSE,Tablet
S0216,U0077,G09,2025-06-25T02:00:00,2025-06-25T02:02:00,QUIT,Tablet
S0217,U0024,G04,2025-06-23T04:00:00,2025-06-23T04:25:00,LOSE,Desktop
S0218,U0086,G07,2025-06-14T03:00:00,2025-06-14T03:19:00,LOSE,Tablet
S0219,U0056,G09,2025-06-30T01:00:00,2025-06-30T01:59:00,LOSE,Tablet
S0220,U0049,G01,2025-06-28T21:00:00,2025-06-28T22:30:00,WIN,Desktop
S0221,U0006,G04,2025-06-22T00:00:00,2025-06-22T00:49:00,QUIT,Mobile
S0222,U0018,G06,2025-06-13T12:00:00,2025-06-13T13:24:00,QUIT,Mobile
S0223,U0070,G06,2025-06-20T14:00:00,2025-06-20T14:14:00,WIN,Desktop
S0224,U0091,G10,2025-06-04T11:00:00,2025-06-04T11:18:00,QUIT,Tablet
S0225,U0045,G04,2025-06-05T02:00:00,2025-06-05T03:21:00,LOSE,Desktop
S0226,U0058,G10,2025-06-25T22:00:00,2025-06-25T22:01:00,QUIT,Mobile
S0227,U0077,G05,2025-07-02T03:00:00,2025-07-02T03:32:00,WIN,Tablet
S0228,U0083,G08,2025-06-05T02:00:00,2025-06-05T02:09:00,LOSE,Desktop
S0229,U0092,G05,2025-06-04T20:00:00,2025-06-04T20:46:00,QUIT,Desktop
S0230,U0049,G05,2025-06-01T23:00:00,2025-06-01T23:14:00,WIN,Tablet
S0231,U0062,G03,2025-06-05T23:00:00,2025-06-05T23:30:00,WIN,Desktop
S0232,U0049,G04,2025-06-19T11:00:00,2025-06-19T12:30:00,WIN,Desktop
S0233,U0061,G08,2025-06-27T09:00:00,2025-06-27T09:29:00,WIN,Mobile
S0234,U0013,G03,2025-06-09T16:00:00,2025-06-09T17:18:00,WIN,Mobile
S0235,U0018,G04,2025-06-04T16:00:00,2025-06-04T17:25:00,LOSE,Tablet
S0236,U0063,G08,2025-06-20T17:00:00,2025-06-20T17:36:00,QUIT,Desktop
S0237,U0053,G06,2025-06-27T03:00:00,2025-06-27T03:47:00,QUIT,Mobile
S0238,U0094,G01,2025-07-01T14:00:00,2025-07-01T14:06:00,LOSE,Mobile
S0239,U0024,G09,2025-06-07T15:00:00,2025-06-07T15:26:00,LOSE,Mobile
S0240,U0022,G03,2025-06-20T06:00:00,2025-06-20T06:34:00,QUIT,Mobile
S0241,U0059,G02,2025-06-23T20:00:00,2025-06-23T20:42:00,LOSE,Desktop
S0242,U0013,G03,2025-06-21T23:00:00,2025-06-21T23:20:00,WIN,Desktop
S0243,U0081,G09,2025-06-11T13:00:00,2025-06-11T14:07:00,WIN,Desktop
S0244,U0038,G09,2025-06-23T15:00:00,2025-06-23T15:09:00,QUIT,Desktop
S0245,U0085,G07,2025-06-29T14:00:00,2025-06-29T14:02:00,QUIT,Tablet
S0246,U0053,G09,2025-06-06T10:00:00,2025-06-06T10:45:00,LOSE,Mobile
S0247,U0084,G01,2025-06-22T01:00:00,2025-06-22T01:49:00,,Mobile
S0248,U0007,G09,2025-06-21T16:00:00,2025-06-21T16:54:00,QUIT,Mobile
S0249,U0043,G10,2025-06-21T01:00:00,2025-06-21T02:19:00,LOSE,Mobile
S0250,U0094,G02,2025-06-30T14:00:00,2025-06-30T14:30:00,QUIT,Tablet
S0251,U0031,G01,2025-06-28T06:00:00,2025-06-28T06:44:00,LOSE,Desktop
S0252,U0098,G03,2025-06-17T08:00:00,2025-06-17T09:18:00,LOSE,Mobile
S0253,U0051,G08,2025-06-06T14:00:00,2025-06-06T14:27:00,LOSE,Desktop
S0254,U0063,G10,2025-06-13T12:00:00,,WIN,Tablet
S0255,U0062,G04,2025-06-18T13:00:00,2025-06-18T14:21:00,WIN,Mobile
S0256,U0004,G07,2025-06-02T10:00:00,2025-06-02T10:10:00,LOSE,Mobile
S0257,U0053,G01,2025-06-05T18:00:00,2025-06-05T19:27:00,QUIT,Desktop
S0258,U0023,G03,2025-06-13T22:00:00,2025-06-13T23:10:00,LOSE,Mobile
S0259,U0092,G02,2025-07-01T09:00:00,2025-07-01T09:24:00,QUIT,Mobile
S0260,U0064,G05,2025-06-09T05:00:00,2025-06-09T05:45:00,LOSE,Desktop
S0261,U0084,G08,2025-06-19T01:00:00,2025-06-19T01:57:00,LOSE,Mobile
S0262,U0071,G08,2025-06-22T09:00:00,2025-06-22T09:43:00,QUIT,Mobile
S0263,U0047,G08,2025-06-22T07:00:00,2025-06-22T07:44:00,QUIT,Tablet
S0264,U0007,G03,2025-06-02T22:00:00,2025-06-02T23:22:00,WIN,Mobile
S0265,U0013,G04,2025-06-02T16:00:00,2025-06-02T17:18:00,WIN,Desktop
S0266,U0082,G03,2025-06-14T15:00:00,2025-06-14T15:21:00,QUIT,Desktop
S0267,U0018,G09,2025-06-09T05:00:00,2025-06-09T05:12:00,LOSE,Desktop
S0268,U0074,G10,2025-06-14T08:00:00,2025-06-14T09:04:00,LOSE,Tablet
S0269,U0039,G10,2025-06-08T10:00:00,2025-06-08T10:10:00,QUIT,Mobile
S0270,U0037,G08,,2025-06-09T03:43:00,LOSE,Mobile
S0271,U0096,G10,2025-06-30T06:00:00,2025-06-30T06:23:00,LOSE,Tablet
S0272,U0020,G03,2025-06-06T10:00:00,2025-06-06T10:06:00,QUIT,Tablet
S0273,U0097,G04,2025-06-06T18:00:00,2025-06-06T19:26:00,QUIT,Mobile
S0274,U0071,G05,2025-06-14T11:00:00,2025-06-14T12:11:00,LOSE,Tablet
S0275,U0014,G10,,2025-06-26T16:40:00,QUIT,Desktop
S0276,U0085,G04,2025-06-23T06:00:00,2025-06-23T07:28:00,WIN,Mobile
S0277,U0037,G04,2025-06-17T02:00:00,2025-06-17T02:42:00,QUIT,Mobile
S0278,U0013,G07,2025-06-25T18:00:00,2025-06-25T19:14:00,WIN,
S0279,U0047,G01,2025-06-20T16:00:00,2025-06-20T16:07:00,LOSE,Tablet
S0280,U0036,G07,2025-06-16T08:00:00,2025-06-16T09:20:00,LOSE,Tablet
S0281,U0020,G10,2025-06-16T02:00:00,2025-06-16T02:50:00,LOSE,Desktop
S0282,U0058,G10,2025-06-17T01:00:00,2025-06-17T01:43:00,QUIT,Tablet
S0283,U0003,G09,2025-07-01T01:00:00,2025-07-01T01:38:00,LOSE,Desktop
S0284,U0057,G03,2025-06-16T07:00:00,2025-06-16T08:23:00,WIN,Desktop
S0285,U0076,G07,2025-06-12T17:00:00,2025-06-12T17:43:00,QUIT,Tablet
S0286,U0013,G02,2025-06-16T15:00:00,2025-06-16T15:12:00,QUIT,Tablet
S0287,U0028,G04,2025-06-19T01:00:00,2025-06-19T02:15:00,LOSE,Tablet
S0288,U0076,G01,2025-06-22T04:00:00,2025-06-22T04:57:00,LOSE,Desktop
S0289,U0009,G07,2025-06-02T22:00:00,2025-06-02T23:25:00,WIN,Desktop
S0290,U0037,G03,2025-07-01T15:00:00,2025-07-01T15:10:00,WIN,Desktop
S0291,U0015,G09,2025-06-18T07:00:00,2025-06-18T08:03:00,LOSE,Desktop
S0292,U0038,G01,2025-06-24T13:00:00,2025-06-24T14:05:00,WIN,Mobile
S0293,U0034,G07,,2025-06-15T15:11:00,LOSE,Desktop
S0294,U0100,G10,2025-06-08T10:00:00,2025-06-08T10:36:00,WIN,Tablet
S0295,U0014,G01,2025-06-07T08:00:00,2025-06-07T08:24:00,LOSE,Tablet
S0296,U0006,G06,2025-07-01T11:00:00,2025-07-01T11:57:00,WIN,Mobile
S0297,U0017,G08,,2025-06-23T11:33:00,WIN,Desktop
S0298,U0031,G08,2025-06-03T13:00:00,2025-06-03T14:22:00,WIN,Mobile
S0299,U0047,G02,2025-06-02T03:00:00,2025-06-02T03:08:00,WIN,Mobile
S0300,U0071,G07,2025-06-15T21:00:00,2025-06-15T21:16:00,WIN,Tablet
S0301,U0034,G07,,2025-06-02T23:08:00,WIN,Mobile
S0302,U0058,G02,2025-06-07T00:00:00,2025-06-07T01:17:00,WIN,Tablet
S0303,U0082,G03,2025-06-15T06:00:00,2025-06-15T06:40:00,LOSE,Tablet
S0304,U0049,G05,2025-06-23T19:00:00,2025-06-23T20:16:00,QUIT,Mobile
S0305,U0059,G10,2025-06-08T19:00:00,2025-06-08T19:02:00,WIN,Tablet
S0306,U0051,G09,2025-06-10T14:00:00,2025-06-10T15:14:00,LOSE,Desktop
S0307,U0061,G02,2025-06-06T16:00:00,2025-06-06T17:28:00,WIN,Mobile
S0308,U0092,G03,2025-06-12T10:00:00,2025-06-12T10:19:00,,Desktop
S0309,U0090,G02,2025-06-01T12:00:00,2025-06-01T12:31:00,QUIT,Mobile
S0310,U0097,G04,2025-06-21T00:00:00,2025-06-21T01:27:00,LOSE,Mobile
S0311,U0057,G08,2025-06-16T03:00:00,2025-06-16T03:31:00,WIN,Mobile
S0312,U0092,G07,2025-06-23T14:00:00,2025-06-23T15:09:00,LOSE,Desktop
S0313,U0065,G04,2025-06-05T19:00:00,2025-06-05T19:53:00,WIN,Desktop
S0314,U0091,G06,2025-06-06T17:00:00,2025-06-06T17:14:00,LOSE,Mobile
S0315,U0074,G06,2025-06-23T11:00:00,2025-06-23T11:09:00,QUIT,Tablet
S0316,U0020,G09,2025-06-07T16:00:00,2025-06-07T16:35:00,WIN,Tablet
S0317,U0019,G07,2025-07-01T02:00:00,2025-07-01T02:35:00,LOSE,Desktop
S0318,U0099,G05,2025-06-29T04:00:00,2025-06-29T04:41:00,QUIT,Desktop
S0319,U0089,G06,2025-06-02T14:00:00,2025-06-02T14:52:00,WIN,Desktop
S0320,U0060,G08,2025-06-18T01:00:00,2025-06-18T01:26:00,LOSE,Mobile
S0321,U0079,G06,2025-06-12T03:00:00,2025-06-12T03:55:00,LOSE,
S0322,U0005,G10,2025-06-18T08:00:00,2025-06-18T08:51:00,WIN,Tablet
S0323,U0028,G04,2025-06-23T05:00:00,,WIN,Mobile
S0324,U0024,G10,2025-06-30T14:00:00,2025-06-30T14:54:00,LOSE,Tablet
S0325,U0004,G08,2025-06-15T18:00:00,2025-06-15T19:22:00,WIN,Desktop
S0326,U0083,G01,2025-06-13T19:00:00,2025-06-13T19:02:00,QUIT,Mobile
S0327,U0062,G06,2025-06-02T04:00:00,2025-06-02T05:11:00,WIN,Tablet
S0328,U0022,G09,2025-06-03T23:00:00,2025-06-03T23:44:00,QUIT,Tablet
S0329,U0099,G02,2025-06-14T00:00:00,2025-06-14T01:00:00,WIN,Desktop
S0330,U0039,G01,2025-06-06T04:00:00,2025-06-06T04:56:00,WIN,Desktop
S0331,U0017,G01,2025-06-24T08:00:00,2025-06-24T08:16:00,WIN,Desktop
S0332,U0036,G07,2025-06-13T09:00:00,2025-06-13T09:51:00,QUIT,Mobile
S0333,U0042,G10,2025-06-10T11:00:00,2025-06-10T11:27:00,QUIT,Tablet
S0334,U0017,G02,2025-06-15T13:00:00,2025-06-15T14:19:00,QUIT,Desktop
S0335,U0055,G04,2025-06-23T23:00:00,,WIN,Tablet
S0336,U0012,G06,2025-06-17T17:00:00,2025-06-17T17:05:00,QUIT,Tablet
S0337,U0011,G04,2025-06-05T04:00:00,2025-06-05T04:15:00,QUIT,Mobile
S0338,U0064,G08,,2025-06-29T23:21:00,QUIT,Mobile
S0339,U0081,G07,2025-06-24T19:00:00,2025-06-24T19:37:00,LOSE,Mobile
S0340,U0049,G04,2025-06-07T20:00:00,2025-06-07T20:26:00,WIN,Tablet
S0341,U0077,G02,2025-06-08T05:00:00,2025-06-08T05:46:00,WIN,Tablet
S0342,U0057,G08,2025-06-15T21:00:00,2025-06-15T22:04:00,WIN,Desktop
S0343,U0089,G02,2025-06-13T10:00:00,2025-06-13T10:46:00,LOSE,Desktop
S0344,U0088,G09,2025-06-15T06:00:00,2025-06-15T07:29:00,WIN,Tablet
S0345,U0075,G10,2025-06-11T09:00:00,2025-06-11T10:11:00,LOSE,Mobile
S0346,U0035,G08,2025-06-22T16:00:00,2025-06-22T17:23:00,QUIT,Tablet
S0347,U0055,G07,2025-06-15T06:00:00,2025-06-15T07:01:00,QUIT,Tablet
S0348,U0067,G02,2025-06-16T14:00:00,,QUIT,Mobile
S0349,U0058,G06,2025-06-10T02:00:00,2025-06-10T02:36:00,LOSE,Mobile
S0350,U0015,G10,2025-06-14T03:00:00,2025-06-14T04:30:00,WIN,Mobile
S0351,U0046,G02,2025-06-11T01:00:00,2025-06-11T01:50:00,LOSE,Tablet
S0352,U0075,G06,2025-06-12T08:00:00,2025-06-12T08:07:00,QUIT,Desktop
S0353,U0087,G09,2025-06-14T17:00:00,2025-06-14T17:23:00,LOSE,Desktop
S0354,U0009,G01,2025-06-29T08:00:00,2025-06-29T08:14:00,LOSE,Tablet
S0355,U0025,G01,2025-06-20T06:00:00,2025-06-20T06:58:00,QUIT,Mobile
S0356,U0043,G02,2025-06-27T21:00:00,2025-06-27T21:18:00,WIN,Tablet
S0357,U0019,G02,2025-06-16T07:00:00,2025-06-16T08:09:00,LOSE,Desktop
S0358,U0058,G02,2025-07-01T15:00:00,2025-07-01T15:47:00,WIN,Tablet
S0359,U0061,G06,2025-06-22T03:00:00,2025-06-22T04:28:00,QUIT,Mobile
S0360,U0009,G08,2025-06-30T03:00:00,2025-06-30T04:00:00,QUIT,Mobile
S0361,U0018,G06,2025-06-14T00:00:00,2025-06-14T00:34:00,LOSE,Tablet
S0362,U0048,G06,2025-06-12T22:00:00,2025-06-12T23:06:00,QUIT,Tablet
S0363,U0024,G05,2025-06-24T06:00:00,,QUIT,Mobile
S0364,U0016,G04,2025-06-11T01:00:00,2025-06-11T01:10:00,QUIT,Desktop
S0365,U0020,G03,2025-06-28T17:00:00,2025-06-28T18:24:00,WIN,Tablet
S0366,U0095,G03,2025-06-19T16:00:00,2025-06-19T16:16:00,LOSE,Tablet
S0367,U0025,G06,2025-06-25T09:00:00,,WIN,Tablet
S0368,U0006,G05,2025-06-03T01:00:00,2025-06-03T02:22:00,WIN,Tablet
S0369,U0008,G01,2025-06-14T00:00:00,2025-06-14T01:11:00,WIN,Mobile
S0370,U0087,G01,,2025-06-09T14:48:00,WIN,Mobile
S0371,U0021,G03,2025-06-28T23:00:00,2025-06-29T00:06:00,QUIT,Desktop
S0372,U0001,G06,2025-06-06T17:00:00,2025-06-06T17:57:00,WIN,Desktop
S0373,U0070,G01,2025-06-30T11:00:00,2025-06-30T11:35:00,QUIT,Mobile
S0374,U0070,G07,2025-06-01T10:00:00,2025-06-01T10:05:00,LOSE,Mobile
S0375,U0073,G03,2025-06-09T10:00:00,2025-06-09T10:53:00,LOSE,Tablet
S0376,U0066,G06,2025-06-05T18:00:00,2025-06-05T19:21:00,WIN,Tablet
S0377,U0075,G04,2025-06-08T15:00:00,2025-06-08T16:00:00,WIN,Tablet
S0378,U0061,G08,2025-06-07T08:00:00,2025-06-07T08:15:00,,Tablet
S0379,U0050,G01,,2025-06-20T02:15:00,QUIT,Tablet
S0380,U0003,G04,2025-06-02T09:00:00,2025-06-02T09:40:00,LOSE,Desktop
S0381,U0020,G08,2025-06-30T21:00:00,2025-06-30T21:12:00,LOSE,Desktop
S0382,U0067,G08,2025-06-30T15:00:00,2025-06-30T15:01:00,WIN,Mobile
S0383,U0003,G09,2025-06-07T09:00:00,2025-06-07T09:47:00,QUIT,Desktop
S0384,U0078,G05,2025-06-23T03:00:00,2025-06-23T04:28:00,WIN,Tablet
S0385,U0035,G06,2025-06-21T11:00:00,2025-06-21T11:49:00,WIN,Desktop
S0386,U0022,G09,2025-06-05T22:00:00,2025-06-05T22:29:00,LOSE,Tablet
S0387,U0026,G09,2025-06-11T12:00:00,2025-06-11T13:10:00,WIN,Desktop
S0388,U0089,G07,2025-06-15T06:00:00,2025-06-15T06:16:00,QUIT,Tablet
S0389,U0036,G01,2025-06-16T11:00:00,2025-06-16T12:20:00,WIN,Tablet
S0390,U0023,G04,2025-06-27T21:00:00,2025-06-27T21:35:00,LOSE,Mobile
S0391,U0026,G09,2025-06-10T14:00:00,2025-06-10T14:40:00,QUIT,Desktop
S0392,U0031,G10,2025-06-04T12:00:00,2025-06-04T13:20:00,QUIT,Mobile
S0393,U0077,G02,2025-07-01T02:00:00,2025-07-01T02:51:00,WIN,Tablet
S0394,U0084,G08,2025-06-12T10:00:00,2025-06-12T10:03:00,LOSE,Mobile
S0395,U0023,G02,2025-06-26T07:00:00,2025-06-26T07:49:00,LOSE,
S0396,U0015,G03,2025-06-17T12:00:00,2025-06-17T12:20:00,QUIT,Desktop
S0397,U0011,G07,2025-06-30T02:00:00,2025-06-30T02:58:00,QUIT,Mobile
S0398,U0100,G08,2025-06-03T13:00:00,,QUIT,Desktop
S0399,U0013,G01,2025-06-09T19:00:00,,WIN,Desktop
S0400,U0085,G02,2025-06-03T00:00:00,2025-06-03T00:21:00,LOSE,Desktop
S0401,U0069,G06,2025-06-04T10:00:00,2025-06-04T10:48:00,WIN,Desktop
S0402,U0017,G03,2025-06-09T10:00:00,,LOSE,Desktop
S0403,U0049,G10,2025-06-17T17:00:00,2025-06-17T17:16:00,LOSE,Mobile
S0404,U0072,G07,2025-06-01T13:00:00,2025-06-01T13:17:00,WIN,Tablet
S0405,U0002,G09,,2025-06-07T20:28:00,QUIT,Desktop
S0406,U0043,G04,2025-06-18T22:00:00,2025-06-18T22:55:00,WIN,Desktop
S0407,U0060,G04,,2025-06-17T14:06:00,WIN,Desktop
S0408,U0021,G03,2025-07-02T07:00:00,2025-07-02T07:37:00,LOSE,Tablet
S0409,U0096,G08,2025-06-17T11:00:00,2025-06-17T12:16:00,WIN,Tablet
S0410,U0031,G03,2025-06-29T17:00:00,2025-06-29T18:26:00,QUIT,Mobile
S0411,U0013,G02,2025-06-09T22:00:00,2025-06-09T23:00:00,QUIT,Desktop
S0412,U0077,G05,2025-06-23T03:00:00,2025-06-23T04:02:00,QUIT,Mobile
S0413,U0089,G10,2025-07-01T03:00:00,2025-07-01T03:50:00,QUIT,Mobile
S0414,U0053,G07,2025-06-29T04:00:00,,LOSE,Desktop
S0415,U0091,G04,2025-06-29T10:00:00,2025-06-29T10:38:00,LOSE,Desktop
S0416,U0037,G10,2025-06-16T13:00:00,2025-06-16T14:00:00,WIN,Mobile
S0417,U0036,G09,2025-06-26T09:00:00,2025-06-26T09:57:00,WIN,Desktop
S0418,U0100,G02,2025-06-19T13:00:00,2025-06-19T13:20:00,WIN,Mobile
S0419,U0056,G05,2025-06-30T04:00:00,2025-06-30T04:02:00,WIN,Desktop
S0420,U0066,G04,2025-06-28T05:00:00,2025-06-28T05:28:00,LOSE,Tablet
S0421,U0081,G04,2025-06-14T21:00:00,2025-06-14T21:15:00,QUIT,Mobile
S0422,U0030,G08,2025-06-16T01:00:00,2025-06-16T02:28:00,LOSE,Tablet
S0423,U0057,G08,2025-06-16T23:00:00,2025-06-17T00:22:00,LOSE,Mobile
S0424,U0034,G10,2025-06-26T06:00:00,,LOSE,Desktop
S0425,U0063,G06,2025-06-05T04:00:00,2025-06-05T04:32:00,QUIT,Tablet
S0426,U0028,G03,2025-06-15T22:00:00,2025-06-15T22:14:00,QUIT,Mobile
S0427,U0042,G04,2025-06-16T19:00:00,2025-06-16T20:25:00,LOSE,Tablet
S0428,U0039,G07,2025-06-24T08:00:00,2025-06-24T08:36:00,WIN,Tablet
S0429,U0012,G05,2025-06-27T08:00:00,2025-06-27T09:29:00,LOSE,Desktop
S0430,U0085,G02,2025-06-11T04:00:00,,WIN,Desktop
S0431,U0022,G10,2025-06-07T00:00:00,2025-06-07T01:09:00,QUIT,Mobile
S0432,U0061,G09,2025-06-02T20:00:00,2025-06-02T20:05:00,LOSE,Mobile
S0433,U0068,G08,2025-06-08T08:00:00,2025-06-08T08:39:00,QUIT,Desktop
S0434,U0060,G02,2025-06-17T07:00:00,2025-06-17T07:41:00,,Tablet
S0435,U0082,G10,2025-06-06T15:00:00,2025-06-06T16:28:00,QUIT,Desktop
S0436,U0096,G02,2025-06-30T05:00:00,2025-06-30T06:01:00,LOSE,Desktop
S0437,U0090,G01,2025-06-09T16:00:00,2025-06-09T16:29:00,LOSE,Tablet
S0438,U0085,G06,2025-06-23T22:00:00,2025-06-23T22:07:00,WIN,Mobile
S0439,U0020,G06,2025-06-08T18:00:00,2025-06-08T19:11:00,LOSE,Desktop
S0440,U0030,G07,2025-06-25T13:00:00,2025-06-25T14:03:00,LOSE,Desktop
S0441,U0093,G01,2025-06-08T08:00:00,2025-06-08T08:24:00,WIN,Mobile
S0442,U0054,G09,2025-06-16T11:00:00,2025-06-16T11:34:00,WIN,Mobile
S0443,U0051,G08,2025-06-09T05:00:00,2025-06-09T06:19:00,QUIT,Desktop
S0444,U0061,G08,2025-06-01T22:00:00,2025-06-01T22:04:00,QUIT,Mobile
S0445,U0047,G02,2025-06-20T09:00:00,2025-06-20T09:23:00,LOSE,Mobile
S0446,U0066,G02,2025-06-18T23:00:00,2025-06-18T23:43:00,LOSE,Desktop
S0447,U0069,G04,2025-06-26T12:00:00,2025-06-26T12:24:00,WIN,Tablet
S0448,U0007,G10,2025-06-07T15:00:00,2025-06-07T15:13:00,LOSE,Mobile
S0449,U0080,G08,2025-06-13T06:00:00,2025-06-13T06:08:00,WIN,Tablet
S0450,U0090,G03,2025-06-22T14:00:00,2025-06-22T14:02:00,QUIT,Desktop
S0451,U0100,G02,2025-06-10T16:00:00,2025-06-10T16:49:00,WIN,Mobile
S0452,U0068,G02,2025-06-01T11:00:00,2025-06-01T12:18:00,WIN,Tablet
S0453,U0037,G06,2025-06-28T12:00:00,2025-06-28T13:07:00,LOSE,Mobile
S0454,U0016,G02,2025-06-09T13:00:00,2025-06-09T13:52:00,LOSE,Tablet
S0455,U0086,G03,2025-06-27T07:00:00,2025-06-27T07:22:00,WIN,Desktop
S0456,U0059,G02,2025-06-22T18:00:00,2025-06-22T18:21:00,LOSE,Desktop
S0457,U0062,G10,2025-06-23T20:00:00,2025-06-23T20:55:00,WIN,Tablet
S0458,U0099,G01,,2025-06-17T14:42:00,LOSE,Tablet
S0459,U0092,G07,2025-06-09T15:00:00,2025-06-09T15:48:00,WIN,Mobile
S0460,U0040,G09,2025-06-17T06:00:00,2025-06-17T06:27:00,LOSE,Tablet
S0461,U0062,G01,2025-06-12T10:00:00,2025-06-12T10:36:00,WIN,Tablet
S0462,U0022,G01,,2025-06-16T03:07:00,LOSE,Tablet
S0463,U0049,G10,2025-06-07T00:00:00,2025-06-07T00:29:00,QUIT,Desktop
S0464,U0001,G01,2025-06-20T00:00:00,2025-06-20T00:07:00,QUIT,Mobile
S0465,U0034,G08,2025-06-08T21:00:00,2025-06-08T21:59:00,WIN,Desktop
S0466,U0089,G03,2025-06-24T00:00:00,2025-06-24T00:29:00,LOSE,Mobile
S0467,U0086,G01,2025-06-17T20:00:00,2025-06-17T21:18:00,LOSE,Desktop
S0468,U0049,G05,,2025-07-01T22:30:00,QUIT,Mobile
S0469,U0020,G09,2025-06-21T13:00:00,2025-06-21T14:22:00,WIN,Tablet
S0470,U0080,G01,2025-06-01T19:00:00,2025-06-01T19:11:00,LOSE,Tablet
S0471,U0024,G08,2025-06-15T08:00:00,2025-06-15T08:18:00,WIN,Desktop
S0472,U0090,G09,2025-07-01T09:00:00,2025-07-01T10:26:00,,Mobile
S0473,U0089,G08,2025-06-23T03:00:00,2025-06-23T04:29:00,WIN,Mobile
S0474,U0049,G01,2025-06-05T04:00:00,2025-06-05T04:02:00,LOSE,Mobile
S0475,U0061,G01,2025-06-15T23:00:00,2025-06-15T23:35:00,QUIT,Mobile
S0476,U0067,G06,2025-06-17T17:00:00,2025-06-17T18:03:00,LOSE,Mobile
S0477,U0096,G08,2025-06-14T01:00:00,2025-06-14T01:48:00,LOSE,Tablet
S0478,U0097,G06,2025-06-18T01:00:00,2025-06-18T01:41:00,LOSE,Desktop
S0479,U0099,G01,2025-06-11T03:00:00,2025-06-11T03:45:00,QUIT,Tablet
S0480,U0080,G10,2025-06-17T10:00:00,2025-06-17T10:57:00,QUIT,Desktop
S0481,U0003,G03,2025-06-28T18:00:00,,LOSE,Tablet
S0482,U0094,G04,2025-06-17T07:00:00,2025-06-17T07:48:00,WIN,Tablet
S0483,U0094,G08,,2025-06-30T15:06:00,LOSE,Desktop
S0484,U0075,G10,2025-06-05T05:00:00,2025-06-05T05:57:00,WIN,Desktop
S0485,U0066,G10,2025-06-07T19:00:00,2025-06-07T19:59:00,LOSE,Desktop
S0486,U0035,G04,2025-06-04T11:00:00,2025-06-04T11:37:00,WIN,Mobile
S0487,U0078,G10,2025-06-09T21:00:00,2025-06-09T21:27:00,WIN,Desktop
S0488,U0002,G01,2025-06-21T08:00:00,2025-06-21T09:16:00,WIN,Desktop
S0489,U0045,G06,2025-06-18T08:00:00,2025-06-18T08:37:00,LOSE,Desktop
S0490,U0036,G09,2025-06-30T14:00:00,2025-06-30T14:46:00,WIN,Tablet
S0491,U0037,G01,2025-06-03T02:00:00,2025-06-03T02:27:00,WIN,Mobile
S0492,U0047,G03,2025-06-05T08:00:00,2025-06-05T08:09:00,WIN,Desktop
S0493,U0008,G08,2025-06-10T14:00:00,2025-06-10T15:29:00,QUIT,Tablet
S0494,U0057,G08,2025-06-22T20:00:00,2025-06-22T20:49:00,WIN,Desktop
S0495,U0070,G07,2025-06-10T07:00:00,2025-06-10T08:26:00,QUIT,Tablet
S0496,U0051,G03,2025-06-06T00:00:00,2025-06-06T00:51:00,LOSE,Mobile
S0497,U0082,G07,2025-06-27T00:00:00,2025-06-27T00:30:00,WIN,Desktop
S0498,U0093,G08,2025-06-28T01:00:00,2025-06-28T01:13:00,QUIT,Mobile
S0499,U0090,G02,2025-06-18T06:00:00,2025-06-18T06:57:00,LOSE,Desktop
S0500,U0057,G05,2025-06-04T22:00:00,2025-06-04T23:00:00,LOSE,Desktop
S0501,U0062,G07,2025-06-10T04:00:00,2025-06-10T04:24:00,LOSE,Desktop
S0502,U0028,G04,2025-06-19T19:00:00,2025-06-19T19:11:00,WIN,Mobile
S0503,U0062,G05,2025-06-02T00:00:00,2025-06-02T00:39:00,LOSE,Tablet
S0504,U0082,G02,2025-07-01T06:00:00,2025-07-01T06:17:00,WIN,Tablet
S0505,U0084,G04,2025-06-28T03:00:00,2025-06-28T03:27:00,LOSE,Tablet
S0506,U0014,G09,2025-06-26T05:00:00,2025-06-26T05:12:00,LOSE,Tablet
S0507,U0024,G07,2025-06-21T18:00:00,2025-06-21T18:29:00,LOSE,Tablet
S0508,U0085,G01,2025-06-23T20:00:00,2025-06-23T20:47:00,QUIT,Tablet
S0509,U0094,G06,2025-06-05T18:00:00,2025-06-05T18:21:00,,Mobile
S0510,U0072,G06,2025-06-20T10:00:00,2025-06-20T10:03:00,LOSE,Mobile
S0511,U0067,G10,2025-06-06T18:00:00,2025-06-06T18:49:00,WIN,Tablet
S0512,U0043,G02,2025-06-13T09:00:00,2025-06-13T10:14:00,QUIT,Mobile
S0513,U0027,G10,2025-06-03T11:00:00,2025-06-03T11:06:00,LOSE,Tablet
S0514,U0007,G06,2025-06-19T21:00:00,2025-06-19T21:26:00,LOSE,Mobile
S0515,U0058,G01,2025-06-07T00:00:00,2025-06-07T00:58:00,QUIT,Tablet
S0516,U0047,G08,,2025-06-28T02:11:00,QUIT,Mobile
S0517,U0093,G07,2025-07-01T09:00:00,2025-07-01T10:00:00,LOSE,Desktop
S0518,U0019,G09,2025-06-19T02:00:00,2025-06-19T03:24:00,WIN,Desktop
S0519,U0072,G05,2025-06-26T04:00:00,2025-06-26T05:10:00,LOSE,Mobile
S0520,U0041,G05,2025-06-15T14:00:00,2025-06-15T15:03:00,QUIT,Mobile
S0521,U0023,G08,2025-06-01T10:00:00,2025-06-01T11:05:00,LOSE,Desktop
S0522,U0073,G09,2025-06-13T13:00:00,2025-06-13T13:38:00,LOSE,Tablet
S0523,U0054,G10,2025-06-23T21:00:00,2025-06-23T21:32:00,QUIT,Desktop
S0524,U0055,G08,2025-06-12T14:00:00,2025-06-12T15:08:00,LOSE,Tablet
S0525,U0076,G01,2025-06-18T21:00:00,2025-06-18T22:00:00,QUIT,Tablet
S0526,U0060,G04,2025-06-23T05:00:00,2025-06-23T05:31:00,QUIT,Desktop
S0527,U0082,G06,2025-06-03T00:00:00,2025-06-03T00:22:00,WIN,Desktop
S0528,U0045,G04,,,QUIT,Desktop
S0529,U0077,G09,2025-06-14T00:00:00,2025-06-14T00:01:00,QUIT,Desktop
S0530,U0084,G03,2025-06-13T10:00:00,2025-06-13T10:56:00,QUIT,Mobile
S0531,U0025,G04,2025-06-27T09:00:00,2025-06-27T10:26:00,QUIT,Mobile
S0532,U0053,G09,2025-06-09T03:00:00,2025-06-09T03:43:00,LOSE,Desktop
S0533,U0091,G01,,2025-06-05T16:17:00,LOSE,Desktop
S0534,U0043,G04,2025-06-03T18:00:00,2025-06-03T18:59:00,QUIT,Desktop
S0535,U0091,G07,2025-06-14T12:00:00,2025-06-14T12:02:00,QUIT,Mobile
S0536,U0054,G04,2025-06-04T01:00:00,2025-06-04T01:13:00,QUIT,Tablet
S0537,U0090,G05,2025-06-10T00:00:00,2025-06-10T01:12:00,WIN,Tablet
S0538,U0094,G06,,2025-06-10T21:30:00,WIN,Mobile
S0539,U0067,G08,2025-06-25T13:00:00,,WIN,Mobile
S0540,U0098,G10,2025-06-19T21:00:00,2025-06-19T22:20:00,QUIT,Desktop
S0541,U0018,G02,2025-06-20T07:00:00,2025-06-20T07:57:00,,Tablet
S0542,U0088,G03,2025-06-14T06:00:00,2025-06-14T06:51:00,QUIT,Mobile
S0543,U0039,G02,2025-06-26T15:00:00,2025-06-26T15:50:00,LOSE,Tablet
S0544,U0043,G10,2025-06-14T11:00:00,2025-06-14T12:11:00,WIN,Desktop
S0545,U0003,G01,2025-06-09T23:00:00,2025-06-10T00:09:00,WIN,
S0546,U0030,G05,2025-06-15T08:00:00,2025-06-15T09:23:00,LOSE,Desktop
S0547,U0062,G03,2025-06-17T12:00:00,2025-06-17T12:48:00,WIN,Desktop
S0548,U0018,G07,2025-06-27T21:00:00,2025-06-27T21:47:00,LOSE,Tablet
S0549,U0051,G10,2025-06-02T09:00:00,2025-06-02T09:19:00,LOSE,Mobile
S0550,U0041,G01,2025-06-11T09:00:00,2025-06-11T09:57:00,QUIT,Tablet
S0551,U0097,G09,2025-06-16T19:00:00,2025-06-16T19:03:00,WIN,Mobile
S0552,U0083,G03,2025-06-26T17:00:00,2025-06-26T17:56:00,WIN,Tablet
S0553,U0060,G06,2025-06-20T01:00:00,2025-06-20T01:05:00,LOSE,Mobile
S0554,U0073,G05,2025-06-02T14:00:00,,WIN,Mobile
S0555,U0087,G10,2025-06-21T15:00:00,2025-06-21T16:30:00,WIN,Tablet
S0556,U0044,G06,2025-06-29T11:00:00,2025-06-29T11:31:00,QUIT,Desktop
S0557,U0078,G06,2025-06-04T10:00:00,2025-06-04T10:47:00,LOSE,Mobile
S0558,U0073,G01,2025-06-02T11:00:00,2025-06-02T12:08:00,WIN,Mobile
S0559,U0050,G02,2025-06-03T18:00:00,2025-06-03T18:19:00,LOSE,Desktop
S0560,U0006,G09,2025-06-10T19:00:00,2025-06-10T19:39:00,QUIT,Mobile
S0561,U0012,G05,2025-06-24T04:00:00,,QUIT,
S0562,U0014,G09,2025-06-10T15:00:00,2025-06-10T15:42:00,WIN,Desktop
S0563,U0074,G09,2025-07-02T04:00:00,2025-07-02T04:37:00,LOSE,Tablet
S0564,U0084,G06,2025-06-20T15:00:00,,WIN,Mobile
S0565,U0057,G01,2025-06-09T22:00:00,2025-06-09T22:11:00,WIN,Desktop
S0566,U0100,G04,2025-06-28T09:00:00,2025-06-28T09:36:00,WIN,Tablet
S0567,U0072,G05,2025-06-22T09:00:00,2025-06-22T09:46:00,WIN,Desktop
S0568,U0085,G02,2025-06-03T15:00:00,2025-06-03T15:12:00,WIN,Tablet
S0569,U0087,G05,2025-06-22T04:00:00,2025-06-22T04:14:00,WIN,
S0570,U0028,G07,2025-06-26T20:00:00,2025-06-26T20:44:00,QUIT,Mobile
S0571,U0018,G05,2025-06-26T13:00:00,2025-06-26T13:31:00,WIN,Desktop
S0572,U0089,G10,2025-06-09T05:00:00,,QUIT,Tablet
S0573,U0015,G10,2025-06-27T01:00:00,2025-06-27T02:15:00,LOSE,Mobile
S0574,U0083,G08,2025-06-15T22:00:00,2025-06-15T22:38:00,LOSE,Mobile
S0575,U0045,G01,2025-06-29T00:00:00,,WIN,Mobile
S0576,U0048,G10,2025-06-07T11:00:00,2025-06-07T11:03:00,QUIT,Tablet
S0577,U0098,G03,2025-06-21T19:00:00,2025-06-21T20:08:00,WIN,Tablet
S0578,U0054,G07,2025-06-28T14:00:00,2025-06-28T15:22:00,LOSE,Mobile
S0579,U0090,G07,2025-06-25T15:00:00,2025-06-25T15:43:00,WIN,Tablet
S0580,U0039,G07,2025-06-06T18:00:00,2025-06-06T18:55:00,LOSE,Tablet
S0581,U0085,G09,2025-07-01T17:00:00,2025-07-01T18:24:00,WIN,Tablet
S0582,U0097,G10,2025-06-06T15:00:00,2025-06-06T16:01:00,WIN,Desktop
S0583,U0003,G06,2025-06-14T08:00:00,2025-06-14T09:30:00,QUIT,Desktop
S0584,U0088,G04,2025-06-11T10:00:00,2025-06-11T11:24:00,QUIT,Desktop
S0585,U0040,G08,2025-06-24T22:00:00,2025-06-24T22:24:00,WIN,Desktop
S0586,U0096,G06,2025-06-04T15:00:00,2025-06-04T15:15:00,LOSE,Tablet
S0587,U0084,G03,2025-06-14T04:00:00,2025-06-14T05:07:00,WIN,Desktop
S0588,U0046,G05,,2025-06-28T11:24:00,QUIT,Desktop
S0589,U0065,G02,2025-06-22T00:00:00,2025-06-22T00:35:00,WIN,Tablet
S0590,U0089,G01,2025-06-10T07:00:00,,QUIT,Tablet
S0591,U0097,G10,2025-06-10T18:00:00,2025-06-10T19:22:00,QUIT,Desktop
S0592,U0058,G10,2025-06-02T22:00:00,2025-06-02T23:29:00,QUIT,Mobile
S0593,U0077,G01,,2025-07-01T03:35:00,WIN,Mobile
S0594,U0052,G03,2025-06-17T05:00:00,2025-06-17T05:23:00,WIN,Desktop
S0595,U0034,G02,2025-06-12T01:00:00,2025-06-12T01:55:00,QUIT,Mobile
S0596,U0027,G03,2025-06-26T11:00:00,2025-06-26T12:30:00,WIN,Mobile
S0597,U0089,G10,2025-06-19T21:00:00,2025-06-19T22:27:00,WIN,Desktop
S0598,U0068,G04,2025-06-22T19:00:00,2025-06-22T19:03:00,LOSE,Tablet
S0599,U0034,G09,2025-06-25T10:00:00,2025-06-25T11:09:00,WIN,Desktop
S0600,U0024,G08,2025-06-04T16:00:00,2025-06-04T16:32:00,LOSE,Desktop
S0601,U0072,G10,2025-06-25T14:00:00,2025-06-25T14:50:00,QUIT,Desktop
S0602,U0005,G07,2025-06-05T21:00:00,,WIN,Desktop
S0603,U0082,G05,2025-06-23T22:00:00,2025-06-23T22:18:00,QUIT,Mobile
S0604,U0061,G04,,2025-06-18T15:17:00,QUIT,Desktop
S0605,U0044,G08,2025-06-06T23:00:00,2025-06-06T23:12:00,LOSE,Tablet
S0606,U0039,G03,2025-06-12T00:00:00,2025-06-12T01:00:00,WIN,Tablet
S0607,U0078,G02,2025-06-24T08:00:00,2025-06-24T09:06:00,WIN,Desktop
S0608,U0093,G04,2025-06-30T12:00:00,2025-06-30T12:39:00,LOSE,Mobile
S0609,U0100,G01,2025-06-24T01:00:00,2025-06-24T02:28:00,QUIT,Tablet
S0610,U0029,G04,2025-06-18T02:00:00,2025-06-18T02:42:00,QUIT,Mobile
S0611,U0001,G07,2025-06-09T11:00:00,2025-06-09T11:25:00,LOSE,Tablet
S0612,U0026,G09,2025-06-08T07:00:00,2025-06-08T07:24:00,QUIT,Mobile
S0613,U0097,G05,2025-07-01T16:00:00,2025-07-01T16:51:00,QUIT,Mobile
S0614,U0086,G01,2025-06-25T10:00:00,2025-06-25T10:13:00,LOSE,Tablet
S0615,U0083,G10,2025-06-07T06:00:00,,QUIT,Mobile
S0616,U0004,G08,2025-06-14T17:00:00,,QUIT,Desktop
S0617,U0086,G09,2025-06-20T13:00:00,2025-06-20T13:25:00,QUIT,Desktop
S0618,U0092,G01,2025-06-07T10:00:00,2025-06-07T10:41:00,WIN,Desktop
S0619,U0019,G02,2025-06-12T06:00:00,2025-06-12T06:36:00,QUIT,Tablet
S0620,U0094,G08,2025-06-28T01:00:00,2025-06-28T02:09:00,LOSE,Tablet
S0621,U0023,G03,2025-06-22T16:00:00,2025-06-22T17:11:00,WIN,Mobile
S0622,U0066,G01,2025-06-18T00:00:00,2025-06-18T01:06:00,WIN,Mobile
S0623,U0056,G03,2025-06-25T05:00:00,2025-06-25T05:45:00,LOSE,
S0624,U0046,G08,2025-06-20T15:00:00,,WIN,Mobile
S0625,U0061,G09,2025-06-01T11:00:00,2025-06-01T11:54:00,QUIT,Desktop
S0626,U0079,G05,2025-06-28T10:00:00,2025-06-28T11:00:00,QUIT,Tablet
S0627,U0046,G10,2025-06-15T01:00:00,2025-06-15T01:33:00,WIN,Desktop
S0628,U0050,G05,2025-06-11T16:00:00,2025-06-11T17:24:00,WIN,Desktop
S0629,U0072,G01,2025-06-21T12:00:00,2025-06-21T12:34:00,QUIT,Tablet
S0630,U0019,G09,2025-06-15T03:00:00,2025-06-15T03:32:00,QUIT,Desktop
S0631,U0045,G06,2025-06-24T03:00:00,2025-06-24T04:13:00,LOSE,Desktop
S0632,U0061,G02,2025-06-09T01:00:00,2025-06-09T02:00:00,QUIT,Mobile
S0633,U0068,G06,2025-06-27T03:00:00,2025-06-27T03:40:00,LOSE,Tablet
S0634,U0045,G09,2025-06-17T22:00:00,,WIN,Mobile
S0635,U0073,G07,2025-06-23T13:00:00,,LOSE,Mobile
S0636,U0039,G03,2025-06-29T15:00:00,2025-06-29T15:02:00,LOSE,Tablet
S0637,U0099,G02,2025-06-14T18:00:00,2025-06-14T18:50:00,WIN,Mobile
S0638,U0055,G04,2025-06-16T12:00:00,2025-06-16T12:29:00,LOSE,Mobile
S0639,U0050,G01,2025-06-09T16:00:00,2025-06-09T16:59:00,WIN,Tablet
S0640,U0036,G07,2025-06-03T14:00:00,2025-06-03T14:35:00,QUIT,Tablet
S0641,U0088,G02,2025-06-19T01:00:00,2025-06-19T01:53:00,WIN,Mobile
S0642,U0068,G01,2025-06-11T06:00:00,2025-06-11T06:38:00,LOSE,Tablet
S0643,U0003,G06,2025-06-11T04:00:00,2025-06-11T04:14:00,LOSE,Desktop
S0644,U0081,G02,2025-06-05T22:00:00,2025-06-05T23:12:00,QUIT,Mobile
S0645,U0018,G03,2025-06-17T07:00:00,2025-06-17T07:36:00,QUIT,Tablet
S0646,U0092,G05,2025-06-18T23:00:00,2025-06-19T00:05:00,WIN,Mobile
S0647,U0046,G10,2025-06-17T02:00:00,2025-06-17T02:48:00,QUIT,Tablet
S0648,U0032,G04,2025-06-22T11:00:00,2025-06-22T11:08:00,QUIT,Mobile
S0649,U0010,G02,2025-06-30T10:00:00,2025-06-30T10:18:00,LOSE,Mobile
S0650,U0092,G09,2025-06-23T03:00:00,2025-06-23T03:01:00,QUIT,Tablet
S0651,U0017,G03,2025-06-10T11:00:00,2025-06-10T11:16:00,LOSE,Mobile
S0652,U0035,G10,2025-06-28T22:00:00,2025-06-28T22:53:00,QUIT,Mobile
S0653,U0015,G03,2025-06-19T09:00:00,2025-06-19T09:19:00,QUIT,Desktop
S0654,U0042,G09,2025-06-26T18:00:00,,QUIT,Mobile
S0655,U0062,G07,2025-06-26T02:00:00,2025-06-26T02:28:00,QUIT,Tablet
S0656,U0008,G10,2025-06-05T20:00:00,2025-06-05T20:30:00,LOSE,Tablet
S0657,U0097,G01,2025-06-12T05:00:00,2025-06-12T05:27:00,WIN,Tablet
S0658,U0030,G10,2025-07-01T03:00:00,2025-07-01T03:25:00,QUIT,Desktop
S0659,U0039,G04,2025-06-27T00:00:00,2025-06-27T00:07:00,QUIT,Desktop
S0660,U0053,G10,2025-06-03T09:00:00,2025-06-03T10:18:00,LOSE,Tablet
S0661,U0095,G10,2025-06-09T00:00:00,2025-06-09T01:27:00,QUIT,Mobile
S0662,U0064,G03,2025-06-02T01:00:00,2025-06-02T01:17:00,WIN,Mobile
S0663,U0024,G08,2025-06-23T09:00:00,2025-06-23T10:15:00,QUIT,Desktop
S0664,U0070,G05,2025-06-13T19:00:00,2025-06-13T19:08:00,WIN,Tablet
S0665,U0049,G06,2025-06-10T10:00:00,2025-06-10T10:06:00,WIN,Tablet
S0666,U0083,G05,2025-06-17T12:00:00,2025-06-17T13:23:00,LOSE,Desktop
S0667,U0003,G02,2025-06-07T00:00:00,2025-06-07T00:44:00,LOSE,Desktop
S0668,U0056,G03,2025-06-03T04:00:00,2025-06-03T04:41:00,WIN,Tablet
S0669,U0058,G08,2025-06-29T11:00:00,2025-06-29T11:23:00,QUIT,Desktop
S0670,U0054,G10,,2025-06-02T05:17:00,QUIT,
S0671,U0041,G02,2025-06-05T04:00:00,2025-06-05T04:58:00,WIN,Tablet
S0672,U0049,G02,2025-06-25T01:00:00,2025-06-25T01:22:00,LOSE,Mobile
S0673,U0064,G03,,2025-06-06T04:11:00,WIN,Tablet
S0674,U0080,G04,2025-06-13T06:00:00,2025-06-13T06:56:00,LOSE,Mobile
S0675,U0094,G02,2025-06-23T11:00:00,2025-06-23T11:54:00,QUIT,Mobile
S0676,U0050,G09,2025-06-08T10:00:00,2025-06-08T11:09:00,WIN,Tablet
S0677,U0019,G05,2025-06-08T19:00:00,2025-06-08T19:28:00,LOSE,Tablet
S0678,U0100,G10,,2025-06-01T22:14:00,WIN,Desktop
S0679,U0051,G01,2025-06-14T07:00:00,2025-06-14T07:44:00,WIN,Desktop
S0680,U0001,G07,2025-06-21T13:00:00,2025-06-21T13:37:00,WIN,Mobile
S0681,U0012,G05,2025-06-20T06:00:00,2025-06-20T07:26:00,QUIT,Mobile
S0682,U0019,G02,2025-06-28T03:00:00,2025-06-28T04:02:00,WIN,Mobile
S0683,U0001,G07,2025-06-06T14:00:00,2025-06-06T15:06:00,QUIT,Tablet
S0684,U0029,G09,2025-06-23T07:00:00,2025-06-23T07:35:00,QUIT,Tablet
S0685,U0029,G09,2025-06-01T13:00:00,2025-06-01T14:29:00,QUIT,Tablet
S0686,U0009,G01,2025-06-21T05:00:00,2025-06-21T05:50:00,LOSE,Desktop
S0687,U0064,G07,2025-06-23T21:00:00,2025-06-23T22:21:00,LOSE,
S0688,U0062,G01,2025-06-18T04:00:00,2025-06-18T05:22:00,QUIT,Mobile
S0689,U0026,G06,2025-06-22T06:00:00,2025-06-22T07:08:00,LOSE,Mobile
S0690,U0065,G09,2025-06-02T04:00:00,2025-06-02T05:00:00,QUIT,Desktop
S0691,U0028,G09,2025-06-10T18:00:00,2025-06-10T19:10:00,QUIT,Desktop
S0692,U0038,G06,2025-06-17T09:00:00,2025-06-17T09:42:00,QUIT,Desktop
S0693,U0071,G10,2025-06-30T12:00:00,2025-06-30T12:45:00,WIN,Desktop
S0694,U0017,G08,,2025-06-14T22:01:00,WIN,Desktop
S0695,U0056,G08,2025-06-12T15:00:00,2025-06-12T15:22:00,QUIT,Desktop
S0696,U0029,G02,2025-06-15T00:00:00,2025-06-15T00:59:00,WIN,Mobile
S0697,U0067,G03,2025-06-22T01:00:00,2025-06-22T02:09:00,WIN,Desktop
S0698,U0056,G02,2025-06-12T00:00:00,2025-06-12T00:06:00,WIN,Mobile
S0699,U0091,G10,2025-06-24T09:00:00,2025-06-24T09:52:00,LOSE,Desktop
S0700,U0011,G08,2025-06-16T15:00:00,2025-06-16T16:01:00,QUIT,Mobile
S0701,U0054,G02,2025-06-24T08:00:00,2025-06-24T08:12:00,WIN,Tablet
S0702,U0017,G05,2025-06-16T12:00:00,2025-06-16T12:08:00,WIN,Desktop
S0703,U0013,G05,2025-06-09T22:00:00,2025-06-09T22:02:00,WIN,Desktop
S0704,U0031,G06,2025-06-05T06:00:00,2025-06-05T06:45:00,WIN,Tablet
S0705,U0008,G08,2025-06-16T22:00:00,2025-06-16T23:29:00,WIN,Desktop
S0706,U0009,G05,2025-06-07T12:00:00,2025-06-07T12:10:00,LOSE,Mobile
S0707,U0021,G06,2025-06-01T16:00:00,2025-06-01T16:20:00,QUIT,Mobile
S0708,U0012,G08,2025-06-16T23:00:00,2025-06-16T23:19:00,QUIT,Desktop
S0709,U0003,G01,2025-06-11T20:00:00,2025-06-11T20:09:00,QUIT,Tablet
S0710,U0076,G05,2025-06-25T16:00:00,2025-06-25T17:18:00,WIN,Desktop
S0711,U0080,G10,,2025-06-16T02:13:00,LOSE,Desktop
S0712,U0057,G07,2025-06-25T00:00:00,2025-06-25T00:30:00,WIN,Mobile
S0713,U0010,G01,2025-06-17T21:00:00,2025-06-17T21:39:00,LOSE,Tablet
S0714,U0031,G07,2025-06-18T11:00:00,2025-06-18T11:35:00,,Tablet
S0715,U0077,G10,,2025-06-22T15:33:00,LOSE,Mobile
S0716,U0058,G04,2025-06-27T18:00:00,2025-06-27T18:43:00,QUIT,Mobile
S0717,U0028,G08,2025-06-29T07:00:00,2025-06-29T07:40:00,WIN,Mobile
S0718,U0056,G06,2025-06-17T07:00:00,2025-06-17T08:00:00,QUIT,Tablet
S0719,U0033,G07,2025-06-03T19:00:00,2025-06-03T19:28:00,QUIT,Desktop
S0720,U0073,G06,2025-06-20T04:00:00,2025-06-20T04:38:00,QUIT,Desktop
S0721,U0072,G10,2025-06-03T04:00:00,2025-06-03T04:50:00,QUIT,Mobile
S0722,U0078,G03,2025-06-06T08:00:00,2025-06-06T08:15:00,LOSE,Desktop
S0723,U0079,G05,2025-06-03T20:00:00,2025-06-03T20:19:00,QUIT,Desktop
S0724,U0075,G02,2025-06-06T04:00:00,,QUIT,Tablet
S0725,U0045,G10,2025-06-07T19:00:00,2025-06-07T20:00:00,QUIT,Desktop
S0726,U0053,G09,2025-06-27T19:00:00,2025-06-27T19:48:00,QUIT,Tablet
S0727,U0016,G02,2025-06-17T05:00:00,2025-06-17T06:22:00,WIN,Desktop
S0728,U0062,G09,2025-06-09T19:00:00,2025-06-09T20:24:00,,Tablet
S0729,U0038,G02,2025-06-05T06:00:00,2025-06-05T06:03:00,WIN,Tablet
S0730,U0097,G09,2025-06-01T15:00:00,2025-06-01T15:01:00,WIN,Tablet
S0731,U0040,G08,2025-06-20T22:00:00,2025-06-20T22:44:00,QUIT,Mobile
S0732,U0088,G01,2025-06-18T07:00:00,2025-06-18T07:01:00,QUIT,Mobile
S0733,U0003,G08,2025-06-07T06:00:00,2025-06-07T06:52:00,LOSE,Desktop
S0734,U0037,G03,2025-06-12T04:00:00,2025-06-12T04:34:00,QUIT,Mobile
S0735,U0047,G06,2025-06-07T16:00:00,2025-06-07T16:38:00,LOSE,Tablet
S0736,U0067,G02,2025-06-16T09:00:00,2025-06-16T10:21:00,QUIT,Tablet
S0737,U0010,G01,2025-07-01T19:00:00,2025-07-01T19:04:00,LOSE,Desktop
S0738,U0089,G01,2025-06-12T23:00:00,2025-06-12T23:54:00,WIN,Tablet
S0739,U0047,G02,2025-06-12T12:00:00,2025-06-12T13:19:00,LOSE,
S0740,U0073,G04,2025-06-30T07:00:00,2025-06-30T08:18:00,QUIT,Tablet
S0741,U0072,G09,2025-06-29T08:00:00,2025-06-29T08:47:00,QUIT,Desktop
S0742,U0004,G06,2025-06-12T03:00:00,2025-06-12T04:16:00,QUIT,Mobile
S0743,U0088,G01,2025-06-03T23:00:00,2025-06-03T23:58:00,QUIT,Desktop
S0744,U0092,G01,2025-06-18T09:00:00,2025-06-18T09:55:00,QUIT,Desktop
S0745,U0068,G10,,2025-06-19T04:07:00,LOSE,
S0746,U0029,G07,2025-06-06T06:00:00,2025-06-06T06:16:00,QUIT,Desktop
S0747,U0053,G06,2025-06-08T00:00:00,2025-06-08T01:07:00,QUIT,Tablet
S0748,U0042,G03,2025-06-12T03:00:00,2025-06-12T03:04:00,LOSE,Mobile
S0749,U0002,G10,2025-06-23T22:00:00,2025-06-23T23:23:00,LOSE,Tablet
S0750,U0047,G07,2025-06-10T05:00:00,2025-06-10T05:41:00,WIN,Tablet
S0751,U0046,G04,2025-06-21T16:00:00,2025-06-21T16:55:00,WIN,Desktop
S0752,U0061,G10,2025-06-25T07:00:00,2025-06-25T07:29:00,LOSE,Mobile
S0753,U0097,G05,2025-06-23T22:00:00,2025-06-23T22:56:00,QUIT,Tablet
S0754,U0083,G07,,2025-06-15T21:57:00,QUIT,Tablet
S0755,U0070,G01,2025-06-17T22:00:00,2025-06-17T22:47:00,WIN,Tablet
S0756,U0068,G06,2025-06-20T11:00:00,2025-06-20T11:42:00,LOSE,Mobile
S0757,U0076,G03,2025-06-05T23:00:00,2025-06-05T23:53:00,QUIT,Desktop
S0758,U0010,G07,2025-06-17T09:00:00,,WIN,Mobile
S0759,U0043,G09,2025-06-13T07:00:00,2025-06-13T07:14:00,WIN,Tablet
S0760,U0067,G05,2025-06-23T20:00:00,2025-06-23T20:02:00,LOSE,Mobile
S0761,U0047,G08,2025-06-13T14:00:00,2025-06-13T14:35:00,QUIT,Mobile
S0762,U0086,G08,2025-06-25T03:00:00,2025-06-25T04:13:00,WIN,Tablet
S0763,U0045,G04,2025-07-02T07:00:00,2025-07-02T07:51:00,WIN,Desktop
S0764,U0043,G06,2025-06-01T20:00:00,2025-06-01T20:49:00,QUIT,Desktop
S0765,U0075,G08,2025-06-27T08:00:00,2025-06-27T08:15:00,WIN,Mobile
S0766,U0023,G02,2025-06-02T13:00:00,2025-06-02T14:18:00,WIN,Mobile
S0767,U0031,G05,,2025-06-22T11:10:00,LOSE,Mobile
S0768,U0069,G10,2025-06-26T18:00:00,2025-06-26T19:13:00,QUIT,Mobile
S0769,U0002,G05,2025-06-13T11:00:00,,WIN,Mobile
S0770,U0084,G09,2025-06-19T11:00:00,2025-06-19T11:16:00,WIN,Mobile
S0771,U0010,G09,2025-06-11T06:00:00,2025-06-11T06:34:00,WIN,Mobile
S0772,U0037,G10,2025-06-13T11:00:00,2025-06-13T12:20:00,QUIT,Tablet
S0773,U0020,G04,2025-06-26T03:00:00,2025-06-26T04:01:00,LOSE,Mobile
S0774,U0039,G09,2025-06-23T23:00:00,2025-06-23T23:19:00,WIN,Mobile
S0775,U0043,G02,2025-06-10T02:00:00,2025-06-10T02:20:00,WIN,Mobile
S0776,U0006,G01,2025-06-28T09:00:00,2025-06-28T09:30:00,QUIT,Mobile
S0777,U0048,G07,2025-06-21T22:00:00,2025-06-21T23:07:00,QUIT,Mobile
S0778,U0007,G07,2025-06-02T13:00:00,2025-06-02T13:26:00,WIN,Mobile
S0779,U0027,G07,2025-06-29T15:00:00,2025-06-29T15:12:00,LOSE,Mobile
S0780,U0090,G07,2025-06-08T15:00:00,2025-06-08T16:18:00,LOSE,Mobile
S0781,U0075,G04,2025-06-12T03:00:00,2025-06-12T04:02:00,WIN,Mobile
S0782,U0056,G08,2025-06-19T00:00:00,,,Desktop
S0783,U0046,G08,,2025-06-10T08:29:00,LOSE,Mobile
S0784,U0012,G06,2025-06-16T18:00:00,2025-06-16T19:01:00,LOSE,Tablet
S0785,U0055,G03,2025-06-10T08:00:00,2025-06-10T09:21:00,LOSE,Mobile
S0786,U0084,G09,2025-06-01T11:00:00,2025-06-01T11:58:00,WIN,Mobile
S0787,U0053,G06,2025-06-05T06:00:00,2025-06-05T06:12:00,WIN,Desktop
S0788,U0070,G06,2025-06-15T22:00:00,2025-06-15T22:32:00,QUIT,Mobile
S0789,U0036,G04,2025-06-17T05:00:00,2025-06-17T06:18:00,LOSE,Mobile
S0790,U0002,G08,2025-06-27T07:00:00,2025-06-27T08:27:00,WIN,Mobile
S0791,U0085,G01,2025-06-29T06:00:00,2025-06-29T07:24:00,WIN,Mobile
S0792,U0029,G03,2025-06-15T17:00:00,2025-06-15T17:54:00,WIN,Tablet
S0793,U0058,G03,2025-06-28T13:00:00,2025-06-28T13:42:00,LOSE,Mobile
S0794,U0079,G08,2025-06-27T00:00:00,2025-06-27T01:16:00,QUIT,Desktop
S0795,U0063,G03,2025-06-22T02:00:00,2025-06-22T02:17:00,LOSE,Mobile
S0796,U0041,G06,2025-06-08T18:00:00,2025-06-08T18:48:00,LOSE,Mobile
S0797,U0089,G10,2025-06-13T20:00:00,2025-06-13T20:36:00,LOSE,Desktop
S0798,U0049,G01,2025-06-15T16:00:00,2025-06-15T16:04:00,QUIT,Desktop
S0799,U0073,G07,2025-06-13T01:00:00,2025-06-13T01:17:00,WIN,Mobile
S0800,U0003,G07,2025-06-02T22:00:00,2025-06-02T22:31:00,WIN,Mobile
S0801,U0039,G01,2025-06-18T04:00:00,2025-06-18T05:18:00,LOSE,Tablet
S0802,U0021,G06,2025-06-05T04:00:00,2025-06-05T04:19:00,QUIT,Desktop
S0803,U0099,G10,2025-06-05T18:00:00,2025-06-05T19:08:00,QUIT,Desktop
S0804,U0039,G01,2025-06-25T09:00:00,2025-06-25T09:25:00,LOSE,Tablet
S0805,U0028,G09,2025-06-14T22:00:00,2025-06-14T23:23:00,QUIT,Desktop
S0806,U0046,G04,2025-06-19T07:00:00,2025-06-19T07:52:00,QUIT,Mobile
S0807,U0064,G08,2025-06-10T15:00:00,2025-06-10T15:56:00,LOSE,Tablet
S0808,U0041,G10,2025-06-25T17:00:00,2025-06-25T18:13:00,LOSE,Desktop
S0809,U0087,G02,2025-06-11T01:00:00,2025-06-11T01:03:00,QUIT,Mobile
S0810,U0029,G05,2025-06-09T06:00:00,2025-06-09T06:14:00,QUIT,Tablet
S0811,U0021,G10,2025-06-27T21:00:00,2025-06-27T21:07:00,LOSE,Desktop
S0812,U0020,G06,2025-06-22T07:00:00,2025-06-22T07:58:00,QUIT,Mobile
S0813,U0052,G09,2025-06-24T13:00:00,2025-06-24T13:55:00,LOSE,Desktop
S0814,U0095,G08,,2025-06-28T23:17:00,WIN,Mobile
S0815,U0087,G02,2025-06-05T18:00:00,2025-06-05T19:03:00,WIN,Desktop
S0816,U0013,G05,2025-06-25T14:00:00,2025-06-25T14:01:00,WIN,Desktop
S0817,U0067,G05,2025-06-15T01:00:00,2025-06-15T01:41:00,LOSE,Desktop
S0818,U0091,G02,2025-06-22T14:00:00,,LOSE,Tablet
S0819,U0089,G01,2025-06-10T14:00:00,2025-06-10T15:28:00,QUIT,Desktop
S0820,U0060,G07,2025-06-21T11:00:00,2025-06-21T12:25:00,WIN,Desktop
S0821,U0043,G08,2025-06-17T02:00:00,2025-06-17T03:15:00,LOSE,Mobile
S0822,U0080,G10,2025-06-14T19:00:00,2025-06-14T19:08:00,WIN,Tablet
S0823,U0090,G08,2025-06-30T10:00:00,2025-06-30T11:01:00,QUIT,Mobile
S0824,U0006,G03,2025-06-22T22:00:00,2025-06-22T22:24:00,WIN,Mobile
S0825,U0036,G04,2025-06-30T17:00:00,,QUIT,Mobile
S0826,U0074,G04,2025-06-01T16:00:00,,WIN,Tablet
S0827,U0052,G05,2025-06-21T02:00:00,2025-06-21T02:55:00,WIN,Mobile
S0828,U0064,G04,2025-06-03T02:00:00,2025-06-03T02:27:00,WIN,Tablet
S0829,U0008,G08,2025-06-16T21:00:00,2025-06-16T22:19:00,LOSE,Mobile
S0830,U0019,G10,2025-06-04T18:00:00,2025-06-04T19:25:00,WIN,Desktop
S0831,U0043,G04,,2025-06-24T14:10:00,QUIT,Mobile
S0832,U0069,G07,2025-07-02T08:00:00,,WIN,Mobile
S0833,U0061,G10,2025-06-28T05:00:00,,WIN,Mobile
S0834,U0100,G04,2025-06-26T14:00:00,2025-06-26T14:50:00,LOSE,Mobile
S0835,U0082,G06,2025-06-23T04:00:00,2025-06-23T05:00:00,,Mobile
S0836,U0080,G09,2025-06-10T03:00:00,2025-06-10T03:05:00,WIN,Mobile
S0837,U0065,G08,2025-06-30T16:00:00,2025-06-30T16:32:00,QUIT,
S0838,U0098,G07,2025-06-21T10:00:00,2025-06-21T10:19:00,QUIT,Desktop
S0839,U0090,G09,2025-06-03T03:00:00,2025-06-03T03:01:00,WIN,Mobile
S0840,U0091,G04,,2025-06-04T03:25:00,QUIT,Tablet
S0841,U0066,G10,2025-06-21T20:00:00,2025-06-21T21:23:00,QUIT,Mobile
S0842,U0078,G05,2025-06-25T12:00:00,2025-06-25T13:05:00,QUIT,Tablet
S0843,U0093,G07,2025-06-22T05:00:00,2025-06-22T05:50:00,LOSE,Tablet
S0844,U0041,G05,2025-06-06T07:00:00,2025-06-06T07:33:00,WIN,Desktop
S0845,U0056,G01,2025-06-11T13:00:00,2025-06-11T13:01:00,WIN,Mobile
S0846,U0076,G09,2025-06-30T14:00:00,2025-06-30T14:20:00,WIN,Mobile
S0847,U0025,G04,2025-06-22T14:00:00,2025-06-22T14:59:00,QUIT,Desktop
S0848,U0022,G06,2025-06-17T06:00:00,2025-06-17T07:00:00,WIN,Tablet
S0849,U0066,G03,2025-06-04T07:00:00,2025-06-04T08:06:00,WIN,Desktop
S0850,U0062,G05,2025-06-26T07:00:00,2025-06-26T07:39:00,LOSE,Tablet
S0851,U0065,G08,2025-06-12T21:00:00,,WIN,Tablet
S0852,U0040,G04,2025-06-20T19:00:00,2025-06-20T20:02:00,LOSE,Desktop
S0853,U0070,G10,2025-06-30T22:00:00,2025-06-30T23:21:00,WIN,Tablet
S0854,U0007,G06,2025-06-19T22:00:00,2025-06-19T22:36:00,WIN,Mobile
S0855,U0017,G03,2025-06-16T08:00:00,2025-06-16T08:04:00,QUIT,Mobile
S0856,U0045,G02,2025-06-10T01:00:00,2025-06-10T02:04:00,LOSE,Desktop
S0857,U0003,G07,2025-06-29T20:00:00,2025-06-29T21:25:00,WIN,Mobile
S0858,U0071,G04,2025-06-29T10:00:00,2025-06-29T11:26:00,QUIT,Mobile
S0859,U0010,G06,2025-06-07T21:00:00,2025-06-07T22:03:00,QUIT,Mobile
S0860,U0007,G05,2025-06-05T15:00:00,2025-06-05T16:02:00,LOSE,Desktop
S0861,U0088,G03,2025-06-19T01:00:00,2025-06-19T01:52:00,QUIT,Desktop
S0862,U0058,G09,2025-06-08T18:00:00,2025-06-08T19:17:00,WIN,Desktop
S0863,U0057,G10,2025-06-28T19:00:00,2025-06-28T19:49:00,QUIT,Tablet
S0864,U0007,G04,2025-06-26T09:00:00,2025-06-26T09:33:00,LOSE,Desktop
S0865,U0053,G03,2025-06-01T16:00:00,2025-06-01T17:10:00,WIN,Mobile
S0866,U0080,G03,2025-06-25T12:00:00,2025-06-25T12:13:00,QUIT,Mobile
S0867,U0003,G09,,2025-06-07T18:57:00,WIN,Desktop
S0868,U0054,G10,2025-06-25T14:00:00,2025-06-25T14:56:00,WIN,Mobile
S0869,U0026,G10,2025-06-29T00:00:00,2025-06-29T00:26:00,LOSE,Desktop
S0870,U0034,G05,2025-06-03T23:00:00,2025-06-03T23:58:00,WIN,Desktop
S0871,U0063,G06,2025-06-19T22:00:00,2025-06-19T23:04:00,QUIT,Mobile
S0872,U0060,G10,2025-06-25T22:00:00,2025-06-25T23:28:00,WIN,Mobile
S0873,U0067,G01,2025-06-24T05:00:00,2025-06-24T05:11:00,LOSE,Mobile
S0874,U0099,G05,2025-06-26T17:00:00,2025-06-26T18:22:00,LOSE,Tablet
S0875,U0097,G06,2025-06-20T04:00:00,2025-06-20T04:10:00,QUIT,Mobile
S0876,U0016,G03,2025-06-22T15:00:00,2025-06-22T15:11:00,LOSE,Desktop
S0877,U0094,G06,2025-06-03T04:00:00,2025-06-03T04:17:00,WIN,Mobile
S0878,U0087,G07,2025-06-29T06:00:00,2025-06-29T06:49:00,QUIT,Mobile
S0879,U0035,G10,2025-06-08T06:00:00,2025-06-08T06:46:00,WIN,Desktop
S0880,U0036,G05,2025-06-02T05:00:00,2025-06-02T06:30:00,QUIT,Tablet
S0881,U0018,G02,2025-06-28T01:00:00,2025-06-28T01:57:00,WIN,Desktop
S0882,U0004,G04,2025-06-13T01:00:00,2025-06-13T01:10:00,LOSE,Desktop
S0883,U0063,G09,2025-06-04T22:00:00,2025-06-04T22:12:00,WIN,Mobile
S0884,U0094,G04,2025-06-19T08:00:00,2025-06-19T09:10:00,WIN,Desktop
S0885,U0070,G01,2025-06-13T07:00:00,,QUIT,Desktop
S0886,U0097,G01,2025-06-17T05:00:00,2025-06-17T05:03:00,LOSE,
S0887,U0075,G01,2025-06-26T13:00:00,2025-06-26T14:03:00,QUIT,Desktop
S0888,U0021,G06,2025-06-10T16:00:00,2025-06-10T16:12:00,WIN,Tablet
S0889,U0057,G02,2025-06-02T02:00:00,2025-06-02T02:11:00,LOSE,Desktop
S0890,U0006,G09,2025-06-30T21:00:00,2025-06-30T22:24:00,WIN,Mobile
S0891,U0030,G10,2025-06-02T04:00:00,2025-06-02T04:24:00,QUIT,Tablet
S0892,U0020,G07,2025-06-24T17:00:00,,LOSE,Desktop
S0893,U0064,G10,2025-06-16T02:00:00,2025-06-16T02:30:00,QUIT,Tablet
S0894,U0001,G02,2025-06-21T14:00:00,2025-06-21T14:02:00,QUIT,Tablet
S0895,U0056,G10,2025-06-19T06:00:00,2025-06-19T07:07:00,QUIT,Mobile
S0896,U0029,G03,2025-06-29T01:00:00,2025-06-29T01:16:00,LOSE,Desktop
S0897,U0081,G05,2025-06-02T01:00:00,2025-06-02T02:00:00,LOSE,Tablet
S0898,U0031,G09,2025-06-14T01:00:00,2025-06-14T01:29:00,LOSE,Tablet
S0899,U0049,G05,2025-06-27T13:00:00,2025-06-27T14:05:00,QUIT,Tablet
S0900,U0048,G08,2025-06-01T11:00:00,2025-06-01T11:10:00,QUIT,
S0901,U0037,G05,2025-06-05T03:00:00,2025-06-05T03:25:00,QUIT,Tablet
S0902,U0019,G09,2025-06-19T20:00:00,2025-06-19T20:25:00,WIN,
S0903,U0024,G07,2025-06-25T14:00:00,2025-06-25T15:25:00,WIN,Mobile
S0904,U0022,G05,2025-06-18T09:00:00,2025-06-18T09:48:00,LOSE,Mobile
S0905,U0069,G05,2025-06-27T15:00:00,2025-06-27T16:11:00,WIN,Desktop
S0906,U0041,G10,2025-06-21T09:00:00,2025-06-21T09:49:00,WIN,Desktop
S0907,U0030,G04,2025-06-28T07:00:00,2025-06-28T07:21:00,LOSE,Desktop
S0908,U0089,G07,2025-07-02T04:00:00,2025-07-02T04:27:00,QUIT,Desktop
S0909,U0057,G01,2025-06-22T04:00:00,2025-06-22T04:32:00,LOSE,Tablet
S0910,U0025,G02,2025-06-10T06:00:00,2025-06-10T06:29:00,WIN,Desktop
S0911,U0004,G06,2025-06-22T17:00:00,,WIN,Tablet
S0912,U0003,G09,2025-06-11T10:00:00,2025-06-11T11:26:00,LOSE,Desktop
S0913,U0004,G06,2025-06-10T15:00:00,2025-06-10T15:11:00,QUIT,Mobile
S0914,U0066,G10,2025-06-29T04:00:00,2025-06-29T04:01:00,LOSE,Mobile
S0915,U0051,G09,2025-06-26T05:00:00,2025-06-26T05:19:00,LOSE,Mobile
S0916,U0057,G02,2025-06-26T13:00:00,2025-06-26T13:47:00,QUIT,Desktop
S0917,U0086,G08,2025-06-24T15:00:00,2025-06-24T15:13:00,QUIT,Desktop
S0918,U0078,G05,2025-06-30T03:00:00,2025-06-30T04:19:00,QUIT,Tablet
S0919,U0008,G06,2025-06-28T12:00:00,2025-06-28T12:18:00,LOSE,Mobile
S0920,U0047,G01,2025-06-29T02:00:00,2025-06-29T02:42:00,QUIT,Desktop
S0921,U0072,G10,2025-06-23T15:00:00,2025-06-23T15:19:00,LOSE,Tablet
S0922,U0096,G07,2025-06-18T12:00:00,2025-06-18T12:39:00,LOSE,Tablet
S0923,U0006,G10,2025-06-13T02:00:00,2025-06-13T03:00:00,QUIT,Desktop
S0924,U0087,G03,,2025-06-24T18:31:00,QUIT,Desktop
S0925,U0090,G04,2025-06-09T07:00:00,2025-06-09T08:05:00,WIN,Desktop
S0926,U0079,G03,2025-06-18T13:00:00,,WIN,Mobile
S0927,U0038,G06,2025-07-01T06:00:00,2025-07-01T06:28:00,WIN,Mobile
S0928,U0009,G10,2025-06-09T05:00:00,2025-06-09T05:09:00,LOSE,Mobile
S0929,U0072,G06,2025-06-27T03:00:00,2025-06-27T03:32:00,QUIT,Tablet
S0930,U0080,G10,2025-06-23T23:00:00,2025-06-24T00:14:00,WIN,Mobile
S0931,U0036,G09,2025-06-17T03:00:00,2025-06-17T04:19:00,QUIT,Desktop
S0932,U0016,G02,2025-06-06T13:00:00,2025-06-06T13:44:00,WIN,Tablet
S0933,U0035,G02,2025-06-16T12:00:00,2025-06-16T13:30:00,WIN,Tablet
S0934,U0095,G09,2025-06-15T21:00:00,2025-06-15T22:01:00,LOSE,Mobile
S0935,U0030,G03,2025-06-12T05:00:00,2025-06-12T06:19:00,WIN,Tablet
S0936,U0081,G09,2025-06-08T16:00:00,2025-06-08T16:03:00,WIN,Tablet
S0937,U0081,G05,2025-06-20T09:00:00,2025-06-20T10:27:00,QUIT,Desktop
S0938,U0074,G04,2025-06-03T14:00:00,2025-06-03T14:27:00,WIN,Mobile
S0939,U0081,G02,2025-06-25T19:00:00,2025-06-25T19:10:00,QUIT,Mobile
S0940,U0050,G02,,2025-07-01T15:17:00,WIN,Tablet
S0941,U0002,G07,2025-06-16T23:00:00,2025-06-17T00:02:00,LOSE,Desktop
S0942,U0042,G02,2025-06-07T14:00:00,2025-06-07T15:20:00,WIN,Mobile
S0943,U0064,G08,2025-06-13T05:00:00,2025-06-13T05:11:00,QUIT,Mobile
S0944,U0023,G07,2025-06-29T23:00:00,2025-06-29T23:15:00,LOSE,Tablet
S0945,U0017,G05,2025-06-20T07:00:00,2025-06-20T07:50:00,LOSE,Mobile
S0946,U0002,G06,2025-06-05T18:00:00,,LOSE,Mobile
S0947,U0049,G01,2025-07-01T02:00:00,2025-07-01T03:19:00,QUIT,Tablet
S0948,U0042,G08,2025-06-23T10:00:00,2025-06-23T10:21:00,WIN,Desktop
S0949,U0030,G10,2025-06-15T05:00:00,2025-06-15T06:18:00,LOSE,Tablet
S0950,U0070,G09,2025-06-11T12:00:00,2025-06-11T12:57:00,WIN,Mobile
S0951,U0051,G06,,2025-06-08T11:20:00,QUIT,Mobile
S0952,U0050,G08,2025-06-10T00:00:00,,LOSE,Tablet
S0953,U0030,G07,2025-06-14T16:00:00,2025-06-14T16:22:00,WIN,Mobile
S0954,U0005,G02,2025-06-15T12:00:00,2025-06-15T12:52:00,LOSE,Tablet
S0955,U0080,G08,2025-06-30T13:00:00,2025-06-30T13:21:00,LOSE,Desktop
S0956,U0071,G05,2025-06-04T01:00:00,2025-06-04T01:59:00,WIN,Mobile
S0957,U0022,G09,2025-06-29T17:00:00,2025-06-29T18:20:00,LOSE,Desktop
S0958,U0091,G04,2025-06-21T09:00:00,2025-06-21T10:28:00,WIN,Mobile
S0959,U0085,G01,,2025-06-30T04:30:00,WIN,Tablet
S0960,U0083,G05,,2025-06-01T12:14:00,QUIT,Tablet
S0961,U0026,G10,2025-06-12T19:00:00,2025-06-12T19:31:00,WIN,Tablet
S0962,U0037,G07,2025-06-30T18:00:00,2025-06-30T18:18:00,LOSE,Tablet
S0963,U0046,G10,2025-06-24T02:00:00,2025-06-24T02:29:00,LOSE,Mobile
S0964,U0032,G01,2025-06-09T07:00:00,2025-06-09T07:54:00,QUIT,Desktop
S0965,U0096,G05,2025-06-13T06:00:00,2025-06-13T06:43:00,LOSE,Desktop
S0966,U0049,G07,2025-06-09T00:00:00,2025-06-09T01:00:00,WIN,Mobile
S0967,U0058,G07,2025-06-14T15:00:00,2025-06-14T15:43:00,LOSE,Mobile
S0968,U0008,G07,2025-06-08T00:00:00,2025-06-08T00:44:00,LOSE,Mobile
S0969,U0097,G05,2025-06-18T04:00:00,2025-06-18T04:50:00,WIN,Desktop
S0970,U0044,G10,2025-07-02T05:00:00,2025-07-02T05:41:00,QUIT,Mobile
S0971,U0090,G01,2025-07-01T10:00:00,2025-07-01T11:20:00,WIN,Tablet
S0972,U0081,G01,2025-06-05T09:00:00,2025-06-05T10:08:00,LOSE,Mobile
S0973,U0069,G05,2025-06-19T00:00:00,2025-06-19T00:23:00,QUIT,Desktop
S0974,U0024,G06,2025-06-21T18:00:00,2025-06-21T18:27:00,QUIT,Mobile
S0975,U0032,G08,2025-06-28T22:00:00,2025-06-28T22:22:00,LOSE,Tablet
S0976,U0063,G06,2025-06-21T03:00:00,2025-06-21T03:29:00,LOSE,Mobile
S0977,U0050,G04,2025-06-30T06:00:00,2025-06-30T06:13:00,QUIT,Tablet
S0978,U0074,G08,2025-06-14T23:00:00,2025-06-14T23:41:00,LOSE,Tablet
S0979,U0009,G09,,2025-06-24T04:59:00,WIN,Mobile
S0980,U0026,G02,2025-06-02T09:00:00,2025-06-02T09:28:00,WIN,Mobile
S0981,U0004,G10,2025-06-09T23:00:00,2025-06-10T00:12:00,LOSE,Mobile
S0982,U0015,G07,2025-06-03T14:00:00,2025-06-03T14:06:00,LOSE,Desktop
S0983,U0055,G10,2025-06-13T08:00:00,2025-06-13T09:22:00,QUIT,Desktop
S0984,U0012,G10,2025-06-03T18:00:00,2025-06-03T19:13:00,WIN,Tablet
S0985,U0048,G03,2025-06-26T17:00:00,2025-06-26T17:51:00,WIN,Tablet
S0986,U0091,G01,2025-06-26T02:00:00,2025-06-26T02:58:00,WIN,Desktop
S0987,U0013,G10,2025-06-15T21:00:00,2025-06-15T22:18:00,QUIT,Desktop
S0988,U0070,G01,2025-06-02T18:00:00,2025-06-02T19:20:00,LOSE,Desktop
S0989,U0084,G06,2025-06-23T08:00:00,2025-06-23T08:37:00,QUIT,Mobile
S0990,U0006,G09,2025-06-14T18:00:00,2025-06-14T19:04:00,LOSE,Tablet
S0991,U0066,G02,2025-06-10T00:00:00,2025-06-10T00:28:00,QUIT,Mobile
S0992,U0056,G01,2025-06-25T18:00:00,2025-06-25T18:47:00,WIN,Mobile
S0993,U0059,G05,2025-07-01T04:00:00,2025-07-01T04:10:00,WIN,Tablet
S0994,U0042,G10,2025-06-03T19:00:00,2025-06-03T20:28:00,WIN,Mobile
S0995,U0007,G07,2025-06-14T00:00:00,,QUIT,Mobile
S0996,U0003,G02,2025-06-11T16:00:00,2025-06-11T16:29:00,WIN,Tablet
S0997,U0010,G07,2025-06-17T01:00:00,,WIN,Mobile
S0998,U0052,G03,,2025-06-17T10:21:00,WIN,Mobile
S0999,U0014,G02,2025-06-05T20:00:00,2025-06-05T21:29:00,WIN,Mobile
S1000,U0099,G08,,2025-06-02T16:34:00,WIN,Desktop
