user_id,book_id,borrow_date,return_date,genre
U1000,B2327,2023-01-24,2023-01-29,Science
U1001,B2071,2023/06/24,2023-07-03,Science
U1002,B2016,2023-01-07,2023-01-11,Fiction
U1003,B2013,2023-02-23,2023-03-04,Romance
U1004,B2229,2023-03-26,2023-03-27,Self-Help
U1005,B2081,2023-03-09,2023-03-12,Fantasy
U1006,B2390,2023-01-03,,Philosophy
U1007,B2309,2023-01-24,2023-02-01,Education
U1008,B2498,2023-01-18,2023-01-23,Fantasy
U1009,B2316,,2023-05-09,Philosophy
U1010,B2395,2023-01-28,2023-02-01,Education
U1011,B2194,2023-04-21,2023-04-27,Education
U1012,B2181,2023-06-09,2023-06-11,Technology
U1013,B2087,2023-06-08,2023-06-11,Romance
U1014,B2138,2023-02-22,2023-02-28,Romance
U1015,B2397,2023-02-27,2023-02-28,Fiction
U1016,B2205,2023-01-07,2023-01-17,Education
U1017,B2161,2023-06-16,2023-06-23,Technology
U1018,B2329,2023-02-09,2023-02-12,Mystery
U1019,B2287,2023-03-24,2023-04-03,Romance
U1020,B2298,2023-03-08,2023-03-11,Fantasy
U1021,B2046,2023-01-05,2023-01-08,Fiction
U1022,B2216,2023-01-13,2023-01-20,Self-Help
U1023,B2239,2023-03-18,2023-03-19,Romance
U1024,B2058,2023-03-25,2023-03-31,Romance
U1025,B2222,2023-04-01,2023-04-06,History
U1026,B2390,2023-05-04,2023-05-09,History
U1027,B2259,2023-02-05,2023-02-11,Self-Help
U1028,B2276,2023-01-20,2023-01-26,Romance
U1029,B2057,2023-03-08,2023-03-09,Philosophy
U1030,B2290,2023-01-24,2023-02-01,Science
U1031,B2500,2023-02-05,2023-02-13,Romance
U1032,B2084,2023-05-28,2023-06-07,Education
U1033,B2108,2023-06-23,2023-06-27,Romance
U1034,B2204,2023-04-17,2023-04-25,Philosophy
U1035,B2115,2023-03-01,2023-03-11,Science
U1036,B2301,2023-01-03,2023-01-04,Technology
U1037,B2463,2023-03-03,2023-03-12,Fiction
U1038,B2342,2023-02-18,2023-02-21,Mystery
U1039,B2451,2023-05-16,2023-05-20,Self-Help
U1040,B2413,2023-02-04,2023-02-06,Fantasy
U1041,B2181,2023-04-15,2023-04-16,Fantasy
U1042,B2330,2023-01-13,2023-01-19,Science
U1043,B2055,2023-02-07,2023-02-16,Technology
U1044,B2216,2023-03-15,2023-03-19,History
U1045,B2038,2023-05-04,2023-05-05,Mystery
U1046,B2276,2023-01-25,2023-01-29,Fiction
U1047,B2248,2023-02-28,2023-03-07,Mystery
U1048,B2084,2023-01-13,2023-01-18,Fantasy
U1049,B2401,2023-03-14,2023-03-23,Mystery
U1050,B2249,2023-02-10,2023-02-14,History
U1051,B2296,2023-01-30,2023-01-24,Romance
U1052,B2244,2023-05-06,2023-05-07,Romance
U1053,B2041,2023-01-20,2023-01-22,History
U1054,B2120,2023-01-19,2023-01-23,Fantasy
U1055,B2020,2023-01-14,2023-01-24,Self-Help
U1056,B2161,2023-02-22,2023-02-28,Education
U1057,B2202,2023-06-21,2023-06-26,History
U1058,B2475,2023-01-15,2023-01-25,Science
U1059,B2051,2023-05-07,2023-05-16,Science
U1060,B2477,2023-01-08,2023-01-14,Philosophy
U1061,B2224,2023-06-10,2023-06-20,Romance
U1062,B2413,2023-01-22,2023-01-31,Romance
U1063,B2339,2023-02-09,2023-02-11,Science
U1064,B2380,2023-02-09,2023-02-14,Romance
U1065,B2367,2023-02-22,2023-02-27,Philosophy
U1066,B2128,2023-01-21,2023-01-28,Fiction
U1067,B2022,2023-03-25,2023-03-28,Fiction
U1068,B2134,2023-06-15,2023-06-24,History
U1069,B2287,2023-01-03,2023-01-06,Fiction
U1070,B2427,2023-05-18,2023-05-21,Philosophy
U1071,B2021,2023-03-26,2023-03-27,Education
U1072,B2107,2023-06-04,2023-06-10,Technology
U1073,B2452,2023-05-24,2023-05-27,Fantasy
U1074,B2121,2023-02-14,2023-02-15,History
U1075,B2473,2023-04-26,2023-04-30,Philosophy
U1076,B2403,2023-04-28,2023-04-29,Science
U1077,B2113,2023-04-12,2023-04-17,Technology
U1078,B2446,2023-02-01,2023-02-05,Technology
U1079,B2142,2023-03-12,2023-03-21,Science
U1080,B2431,2023-03-01,2023-03-03,Romance
U1081,B2133,2023-05-09,2023-05-10,History
U1082,B2222,2023-06-26,2023-07-02,Philosophy
U1083,B2261,2023-04-19,2023-04-23,Science
U1084,B2362,2023-01-17,2023-01-26,Fantasy
U1085,B2481,2023-03-14,2023-03-16,Technology
U1086,B2471,2023-05-11,2023-05-13,Philosophy
U1087,B2153,2023-03-22,2023-03-29,Romance
U1088,B2356,2023-05-05,2023-05-09,Education
U1089,B2481,2023-06-24,2023-06-27,Fantasy
U1090,B2154,2023-05-27,2023-05-28,Fantasy
U1091,B2107,2023-05-20,2023-05-26,Fantasy
U1092,B2226,2023-05-16,2023-05-19,Technology
U1093,B2145,2023-06-21,2023-07-01,Romance
U1094,B2419,2023-06-10,2023-06-14,Technology
U1095,B2075,2023-01-08,2023-01-16,Fiction
U1096,B2393,2023-04-14,2023-04-24,Science
U1097,B2356,2023-04-13,2023-04-17,Fantasy
U1098,B2352,2023-01-25,2023-02-01,Fiction
U1099,B2411,2023-04-02,2023-04-11,Romance
U1100,B2434,2023-04-05,2023-04-13,Science
U1101,B2286,2023-03-25,2023-04-02,Self-Help
U1102,B2368,2023-04-27,2023-05-06,Romance
U1103,B2081,2023-04-09,2023-04-13,Mystery
U1104,B2141,2023-04-21,2023-04-25,Romance
U1105,B2039,2023-02-09,2023-02-15,Education
U1106,B2276,2023-02-05,2023-02-09,Science
U1107,B2078,2023-01-14,2023-01-21,Technology
U1108,B2238,2023-01-07,2023-01-14,Fantasy
U1109,B2394,2023-06-01,2023-06-11,Self-Help
U1110,B2003,2023-03-25,2023-04-01,Philosophy
U1111,B2488,2023-05-24,2023-06-02,Fantasy
U1112,B2459,2023-04-08,2023-04-13,Technology
U1113,B2014,2023-03-22,2023-03-29,Fantasy
U1114,B2430,2023/02/20,2023-03-01,Mystery
U1115,B2303,2023-06-01,2023-06-03,Self-Help
U1116,B2069,2023-02-02,2023-02-07,Mystery
U1117,B2108,2023-03-11,2023-03-18,Mystery
U1118,B2487,2023-03-27,2023-03-29,Fantasy
U1119,B2383,2023-01-12,2023-01-16,Romance
U1120,B2399,2023-01-08,2023-01-12,Fiction
U1121,B2318,2023-02-05,2023-02-13,History
U1122,B2288,2023-04-23,2023-04-28,Technology
U1123,B2085,2023-05-24,2023-05-26,Self-Help
U1124,B2083,2023-01-19,2023-01-20,Education
U1125,B2294,,2023-04-27,Fantasy
U1126,B2052,2023-06-20,2023-06-22,Education
U1127,B2289,2023-03-18,2023-03-25,Fiction
U1128,B2035,2023-06-11,2023-06-12,Romance
U1129,B2421,2023-01-14,2023-01-20,Mystery
U1130,B2424,2023-06-05,2023-06-12,Mystery
U1131,B2267,2023-05-26,2023-06-04,Education
U1132,B2238,2023-06-19,2023-06-24,Fantasy
U1133,B2125,2023-03-15,2023-03-19,Science
U1134,B2291,2023-06-13,,Self-Help
U1135,B2093,2023-02-12,2023-02-17,Mystery
U1136,B2450,,2023-06-18,Self-Help
U1137,B2043,2023-06-14,2023-06-22,Technology
U1138,B2123,2023-06-23,2023-07-01,Mystery
U1139,B2008,2023-03-08,2023-03-15,Science
U1140,B2156,2023-03-16,2023-03-25,Self-Help
U1141,B2217,2023-03-12,2023-03-20,Romance
U1142,B2128,2023-01-24,2023-01-28,Technology
U1143,B2380,2023-06-06,2023-06-10,Romance
U1144,B2247,2023-06-19,2023-06-28,Education
U1145,B2051,2023-03-08,2023-03-14,Technology
U1146,B2007,2023-02-09,2023-02-10,Romance
U1147,B2283,2023-06-05,2023-06-13,Education
U1148,B2006,2023-03-16,2023-03-24,Self-Help
U1149,B2094,2023-03-28,2023-04-05,Fiction
U1150,B2033,2023-04-03,2023-04-13,Fantasy
U1151,B2027,2023-02-26,2023-03-08,History
U1152,B2043,2023-01-18,2023-01-25,Technology
U1153,B2404,2023-02-25,2023-03-06,Self-Help
U1154,B2465,2023-03-28,2023-04-07,Mystery
U1155,B2156,2023-05-02,2023-05-12,Self-Help
U1156,B2050,2023-06-07,2023-06-12,Technology
U1157,B2080,2023-02-18,2023-02-20,Technology
U1158,B2209,2023-06-20,2023-06-28,Mystery
U1159,B2118,,2023-06-18,Education
U1160,B2473,2023-06-19,2023-06-23,Education
U1161,B2278,2023-06-05,2023-06-10,Technology
U1162,B2036,2023-02-26,2023-03-03,Fiction
U1163,B2422,2023-03-15,2023-03-17,Self-Help
U1164,B2155,2023-03-17,2023-03-26,Fantasy
U1165,B2041,2023-01-14,2023-01-20,Self-Help
U1166,B2013,2023-02-22,2023-03-04,Science
U1167,B2010,2023-05-02,2023-05-05,Education
U1168,B2333,2023-03-06,2023-03-16,Mystery
U1169,B2416,2023-01-16,2023-01-22,Mystery
U1170,B2164,2023-02-11,2023-02-18,Science
U1171,B2147,2023-05-02,,Fantasy
U1172,B2165,2023-04-28,2023-05-07,Science
U1173,B2000,2023-04-14,2023-04-15,Romance
U1174,B2185,2023-04-21,2023-04-29,Self-Help
U1175,B2104,2023-05-05,2023-05-10,Education
U1176,B2357,2023-01-01,2023-01-11,Mystery
U1177,B2363,2023-03-18,2023-03-19,History
U1178,B2047,2023-01-15,2023-01-17,Technology
U1179,B2078,2023-06-10,2023-06-19,Mystery
U1180,B2212,2023-04-08,2023-04-16,Mystery
U1181,B2196,2023-05-17,2023-05-20,Technology
U1182,B2141,2023-03-26,2023-04-04,Fantasy
U1183,B2001,2023-06-10,2023-06-20,Education
U1184,B2337,2023-02-15,2023-02-24,Mystery
U1185,B2170,2023-05-13,2023-05-21,Romance
U1186,B2445,2023-06-08,2023-06-18,Technology
U1187,B2438,2023-01-11,2023-01-19,Fantasy
U1188,B2415,2023-04-22,2023-04-25,Fantasy
U1189,B2018,2023-05-19,2023-05-25,History
U1190,B2447,,2023-01-25,Mystery
U1191,B2209,2023-01-16,2023-01-21,History
U1192,B2354,2023-06-03,2023-06-09,Fantasy
U1193,B2439,2023-04-11,2023-04-19,Romance
U1194,B2018,2023-01-08,2023-01-13,Self-Help
U1195,B2382,2023-04-04,2023-04-06,Science
U1196,B2355,2023-01-02,2023-01-08,Education
U1197,B2150,2023-03-14,2023-03-17,Philosophy
U1198,B2210,2023-06-26,2023-06-29,Self-Help
U1199,B2040,2023-04-20,2023-04-24,Self-Help
U1200,B2298,2023-02-15,2023-02-20,History
U1201,B2341,2023-04-10,2023-04-19,Fiction
U1202,B2226,2023-05-10,2023-05-17,Philosophy
U1203,B2233,2023-02-13,2023-02-21,Education
U1204,B2195,2023-03-19,2023-03-24,Self-Help
U1205,B2151,2023-06-13,2023-06-18,Fiction
U1206,B2466,2023-06-16,2023-06-21,Self-Help
U1207,B2117,2023-03-08,2023-03-12,Self-Help
U1208,B2347,2023-06-04,2023-06-05,History
U1209,B2225,2023-05-12,,Fiction
U1210,B2167,2023-02-07,2023-02-10,Fantasy
U1211,B2448,2023-05-17,2023-05-22,Philosophy
U1212,B2131,2023-03-24,2023-03-30,Mystery
U1213,B2239,2023-02-25,2023-03-01,Science
U1214,B2370,2023-05-12,2023-05-14,Fantasy
U1215,B2007,2023-05-04,2023-05-12,Education
U1216,B2383,2023-05-13,2023-05-19,Education
U1217,B2119,2023-01-20,2023-01-29,Mystery
U1218,B2312,2023-06-03,2023-06-11,Technology
U1219,B2154,2023-01-05,2023-01-06,Fantasy
U1220,B2155,2023-01-04,2023-01-08,Mystery
U1221,B2069,2023-04-12,2023-04-21,Fantasy
U1222,B2380,2023-04-21,2023-04-23,History
U1223,B2315,2023-03-02,2023-03-08,Fantasy
U1224,B2227,2023-03-04,2023-03-10,Technology
U1225,B2500,2023-01-13,2023-01-18,Philosophy
U1226,B2062,2023-01-22,2023-01-26,Mystery
U1227,B2305,2023-01-26,2023-02-01,Fiction
U1228,B2064,2023-02-03,2023-02-12,Self-Help
U1229,B2110,2023-03-25,2023-03-28,Technology
U1230,B2305,2023-03-28,2023-03-31,Fiction
U1231,B2276,2023-02-04,2023-02-05,Education
U1232,B2183,2023-05-11,2023-05-12,Technology
U1233,B2026,2023-06-14,2023-06-23,History
U1234,B2032,2023-04-25,2023-05-01,Mystery
U1235,B2055,2023-05-18,2023-05-08,Mystery
U1236,B2154,2023-06-01,2023-06-02,Mystery
U1237,B2433,2023-04-22,2023-04-24,Fantasy
U1238,B2465,2023-01-03,2023-01-09,Mystery
U1239,B2033,2023-03-20,2023-03-30,History
U1240,B2166,2023-05-17,2023-05-22,Fantasy
U1241,B2309,2023-01-26,2023-01-28,Fantasy
U1242,B2333,2023-06-28,2023-07-02,Romance
U1243,B2454,2023-04-11,2023-04-19,Technology
U1244,B2373,2023-03-14,2023-03-20,Science
U1245,B2191,2023-06-16,2023-06-18,History
U1246,B2047,2023-01-24,2023-01-30,Fantasy
U1247,B2284,2023-05-18,2023-05-27,Fiction
U1248,B2062,2023-03-28,2023-04-04,Fantasy
U1249,B2369,2023-03-20,2023-03-25,Fiction
U1250,B2295,2023-02-05,2023-02-13,Romance
U1251,B2055,2023-05-12,2023-05-14,Philosophy
U1252,B2293,2023-04-28,2023-05-07,Technology
U1253,B2419,2023-05-22,,Self-Help
U1254,B2014,2023-03-23,2023-03-28,History
U1255,B2179,2023-02-28,2023-03-03,Fiction
U1256,B2205,2023-02-25,2023-02-24,Science
U1257,B2110,2023-04-15,2023-04-21,Fantasy
U1258,B2159,2023-05-20,2023-05-22,Philosophy
U1259,B2079,2023-05-02,2023-05-04,History
U1260,B2338,2023-04-20,2023-04-28,Fantasy
U1261,B2110,2023-01-12,2023-01-19,Romance
U1262,B2347,2023/04/17,2023-04-22,Self-Help
U1263,B2306,2023-01-07,2023-01-12,Fiction
U1264,B2392,2023-03-10,2023-03-16,History
U1265,B2254,2023-02-05,2023-02-12,Fantasy
U1266,B2117,2023-05-27,2023-06-02,Romance
U1267,B2223,2023-04-03,2023-04-09,Fiction
U1268,B2293,2023-06-21,2023-06-28,Fantasy
U1269,B2207,2023-03-06,2023-03-16,Fiction
U1270,B2353,2023-01-14,2023-01-16,Philosophy
U1271,B2301,2023-05-03,2023-05-10,Fantasy
U1272,B2381,2023-02-11,2023-02-14,Philosophy
U1273,B2271,2023-02-25,2023-03-03,Romance
U1274,B2490,2023-02-04,2023-02-07,History
U1275,B2088,2023-02-25,2023-02-27,Self-Help
U1276,B2395,2023-04-25,2023-05-05,Mystery
U1277,B2229,2023-06-21,2023-07-01,Self-Help
U1278,B2497,2023-02-15,2023-02-17,Philosophy
U1279,B2323,2023-03-19,2023-03-20,Education
U1280,B2037,2023-04-15,,Education
U1281,B2039,2023-05-20,2023-05-29,Science
U1282,B2297,2023-06-02,2023-06-10,Romance
U1283,B2292,2023-03-20,2023-03-28,Technology
U1284,B2490,2023-04-04,2023-04-10,Fiction
U1285,B2043,2023-06-06,2023-06-07,Romance
U1286,B2224,2023-05-17,2023-05-27,Mystery
U1287,B2190,2023-04-14,2023-04-20,Education
U1288,B2026,2023-01-11,2023-01-13,Philosophy
U1289,B2197,2023-03-24,2023-04-03,Education
U1290,B2170,2023-05-22,2023-05-25,Science
U1291,B2158,2023-02-20,2023-02-22,Fantasy
U1292,B2192,2023/02/22,2023-03-03,Philosophy
U1293,B2260,2023-01-12,2023-01-17,Philosophy
U1294,B2109,2023-04-07,2023-04-11,Philosophy
U1295,B2079,2023-03-28,2023-03-30,Science
U1296,B2276,2023-01-22,2023-01-28,Romance
U1297,B2316,2023-05-13,2023-05-16,History
U1298,B2425,2023-02-24,,Self-Help
U1299,B2346,2023-04-20,2023-04-25,Technology
U1300,B2401,2023-02-18,2023-02-22,Mystery
U1301,B2414,2023-02-12,2023-02-22,Mystery
U1302,B2236,2023-04-17,2023-04-26,Education
U1303,B2082,2023/05/05,2023-05-10,Technology
U1304,B2447,2023-05-04,2023-05-13,Philosophy
U1305,B2145,2023-02-09,2023-02-17,Science
U1306,B2075,2023-01-08,2023-01-16,Fantasy
U1307,B2476,2023-04-02,2023-04-09,Fiction
U1308,B2120,2023-01-12,2023-01-16,Fantasy
U1309,B2429,2023-02-05,2023-02-06,Philosophy
U1310,B2424,2023-06-27,2023-06-30,Mystery
U1311,B2240,,2023-05-03,Mystery
U1312,B2427,2023-05-24,2023-06-03,History
U1313,B2056,2023/02/10,2023-02-12,Education
U1314,B2327,2023-04-03,2023-04-05,Self-Help
U1315,B2255,2023-05-01,2023-05-10,Self-Help
U1316,B2367,2023-03-14,2023-03-15,History
U1317,B2123,2023-04-06,2023-04-08,Self-Help
U1318,B2184,2023-05-18,2023-05-27,Science
U1319,B2259,2023/01/13,2023-01-21,Romance
U1320,B2191,2023-06-01,2023-06-07,Education
U1321,B2176,2023-06-22,2023-06-24,Technology
U1322,B2376,2023-02-02,2023-02-08,Philosophy
U1323,B2416,2023-06-15,2023-06-23,History
U1324,B2415,,2023-01-31,History
U1325,B2022,2023-01-11,2023-01-16,Technology
U1326,B2417,2023-04-09,2023-04-10,Romance
U1327,B2097,2023-03-28,2023-03-29,Education
U1328,B2169,2023-01-26,2023-02-01,Education
U1329,B2204,2023-04-11,2023-04-14,Mystery
U1330,B2254,2023-05-09,2023-05-11,Philosophy
U1331,B2040,2023-05-27,2023-05-30,Fantasy
U1332,B2164,2023-01-11,2023-01-16,Science
U1333,B2308,2023-02-23,2023-03-03,Fantasy
U1334,B2021,2023-05-14,2023-05-19,Philosophy
U1335,B2405,2023-01-22,2023-01-29,Fiction
U1336,B2410,2023-01-05,2023-01-15,History
U1337,B2224,2023-02-03,2023-02-07,Fiction
U1338,B2187,2023-04-19,2023-04-20,Philosophy
U1339,B2347,2023-03-12,2023-03-20,Mystery
U1340,B2293,2023-05-12,2023-05-19,History
U1341,B2142,2023-01-01,2023-01-04,Technology
U1342,B2198,2023-01-09,2023-01-14,Romance
U1343,B2109,2023-03-23,2023-03-31,Self-Help
U1344,B2069,2023-04-06,2023-04-14,Science
U1345,B2414,2023-06-12,2023-06-14,Philosophy
U1346,B2148,2023-02-23,2023-02-26,Education
U1347,B2260,2023-01-07,2023-01-10,Technology
U1348,B2252,2023-03-18,2023-03-28,Fiction
U1349,B2411,2023/02/20,2023-02-22,Romance
U1350,B2367,2023-05-14,2023-05-21,Mystery
U1351,B2037,2023-03-21,2023-03-23,History
U1352,B2348,2023-03-05,2023-03-14,Romance
U1353,B2093,2023-04-17,2023-04-18,History
U1354,B2265,2023-03-06,2023-03-09,History
U1355,B2363,2023-03-17,2023-03-22,Technology
U1356,B2128,2023-06-18,2023-06-23,Technology
U1357,B2155,2023-05-03,2023-05-12,Self-Help
U1358,B2303,2023-02-06,2023-02-16,Self-Help
U1359,B2309,2023-05-03,2023-05-02,Philosophy
U1360,B2135,2023-05-14,2023-05-24,Technology
U1361,B2254,2023-03-21,2023-03-26,Romance
U1362,B2412,2023-03-15,2023-03-17,Fantasy
U1363,B2080,2023-04-16,2023-04-24,Mystery
U1364,B2310,2023-03-28,2023-04-03,History
U1365,B2440,2023-04-05,2023-04-11,Philosophy
U1366,B2054,2023-02-15,2023-02-17,Philosophy
U1367,B2126,2023-01-02,2023-01-07,History
U1368,B2442,2023-04-08,2023-04-11,Self-Help
U1369,B2478,2023-06-11,2023-06-15,Self-Help
U1370,B2255,2023-04-16,2023-04-21,Romance
U1371,B2046,2023-05-15,2023-05-19,Fantasy
U1372,B2180,2023-01-10,2023-01-18,Fiction
U1373,B2431,2023-03-18,2023-03-19,Mystery
U1374,B2220,2023-03-24,2023-03-30,History
U1375,B2187,2023-04-02,2023-04-12,Fiction
U1376,B2185,2023-03-03,2023-03-10,Romance
U1377,B2391,2023-03-27,2023-04-06,Romance
U1378,B2060,2023-01-13,2023-01-19,History
U1379,B2173,2023-03-25,2023-03-28,Romance
U1380,B2260,2023-05-02,,Fantasy
U1381,B2411,2023-05-15,2023-05-18,Mystery
U1382,B2263,2023-03-20,2023-03-26,History
U1383,B2315,2023-05-11,2023-05-20,Education
U1384,B2272,2023-06-19,2023-06-24,Mystery
U1385,B2008,2023-03-22,2023-03-24,Philosophy
U1386,B2298,2023-06-28,2023-06-29,Education
U1387,B2135,2023-05-08,2023-05-09,Self-Help
U1388,B2087,2023-06-24,2023-07-04,Romance
U1389,B2194,2023-06-08,2023-06-09,History
U1390,B2358,2023-02-01,2023-02-09,Science
U1391,B2077,2023-06-07,2023-06-14,Fantasy
U1392,B2313,2023-06-24,2023-06-25,Mystery
U1393,B2265,2023-05-11,2023-05-19,Technology
U1394,B2160,2023-04-18,2023-04-24,History
U1395,B2346,2023-05-16,2023-05-20,Education
U1396,B2142,2023-03-08,2023-03-13,Romance
U1397,B2360,2023-06-23,2023-07-01,Technology
U1398,B2178,2023-06-09,2023-06-14,Romance
U1399,B2346,2023-04-13,2023-04-19,Romance
U1400,B2411,2023-03-02,2023-03-07,History
U1401,B2040,2023-04-21,2023-04-26,Philosophy
U1402,B2109,2023-05-09,2023-05-18,Technology
U1403,B2070,2023-05-24,2023-06-03,Science
U1404,B2025,2023/02/21,2023-02-25,Romance
U1405,B2169,2023-01-25,2023-01-22,Mystery
U1406,B2500,2023-04-21,2023-04-29,History
U1407,B2102,2023-03-10,2023-03-11,Education
U1408,B2045,2023-02-18,2023-02-19,Self-Help
U1409,B2089,2023-02-02,2023-02-09,Fantasy
U1410,B2095,2023-01-01,2023-01-06,Education
U1411,B2054,2023-03-15,2023-03-24,Philosophy
U1412,B2455,2023-05-15,2023-05-20,History
U1413,B2057,2023-02-24,2023-03-04,Philosophy
U1414,B2367,2023-01-24,2023-01-30,History
U1415,B2290,2023-02-20,2023-02-27,Technology
U1416,B2263,2023-01-13,2023-01-15,Philosophy
U1417,B2071,2023-03-08,2023-03-09,Mystery
U1418,B2120,2023-03-11,2023-03-16,Mystery
U1419,B2293,2023-03-21,2023-03-27,Fiction
U1420,B2031,2023-04-10,2023-04-13,Science
U1421,B2257,2023-06-04,2023-06-09,Education
U1422,B2113,2023-02-16,2023-02-19,Technology
U1423,B2310,2023-04-23,2023-05-02,Philosophy
U1424,B2387,2023-06-27,2023-07-01,Romance
U1425,B2348,2023-01-17,2023-01-25,Self-Help
U1426,B2185,2023-05-04,2023-05-05,Science
U1427,B2462,2023-02-19,2023-02-28,Romance
U1428,B2167,2023-04-04,2023-04-08,Romance
U1429,B2250,2023-05-15,2023-05-16,Science
U1430,B2262,2023-04-19,2023-04-20,Fantasy
U1431,B2344,2023-06-01,2023-06-08,Education
U1432,B2001,2023-05-03,2023-05-04,Technology
U1433,B2358,2023-05-02,2023-05-04,Science
U1434,B2241,2023-03-14,2023-03-17,Fiction
U1435,B2392,2023-03-13,2023-03-21,Fantasy
U1436,B2464,2023-04-03,2023-04-12,Fantasy
U1437,B2440,2023-01-06,2023-01-15,Philosophy
U1438,B2065,2023-01-25,2023-01-26,Technology
U1439,B2237,2023-04-18,2023-04-25,Romance
U1440,B2126,2023-03-05,2023-03-10,Mystery
U1441,B2448,2023-01-26,2023-02-02,Science
U1442,B2479,2023-02-07,2023-02-09,Fiction
U1443,B2017,2023-05-22,2023-05-23,Mystery
U1444,B2022,2023-04-08,2023-04-17,Fantasy
U1445,B2442,2023-02-17,2023-02-22,Fiction
U1446,B2469,2023-03-19,2023-03-29,Self-Help
U1447,B2419,2023-02-10,2023-02-13,Philosophy
U1448,B2266,2023-04-15,2023-04-10,Technology
U1449,B2450,2023-06-22,2023-06-29,History
U1450,B2024,2023-06-22,2023-06-29,Philosophy
U1451,B2163,2023-04-05,2023-04-10,Fantasy
U1452,B2386,2023-04-08,2023-04-12,Romance
U1453,B2362,2023-04-02,2023-04-11,History
U1454,B2213,2023-05-05,2023-05-12,Romance
U1455,B2104,2023-06-03,2023-06-11,Philosophy
U1456,B2047,2023/06/27,2023-07-01,Romance
U1457,B2344,2023-05-02,2023-05-04,Self-Help
U1458,B2389,2023-06-22,2023-07-01,Self-Help
U1459,B2106,2023-03-01,2023-03-05,Philosophy
U1460,B2492,2023-06-25,2023-07-03,Science
U1461,B2356,2023-06-07,2023-06-14,Self-Help
U1462,B2282,2023-03-13,2023-03-21,Philosophy
U1463,B2183,2023-03-12,2023-03-21,Education
U1464,B2238,2023-06-16,2023-06-22,Science
U1465,B2189,2023-04-02,2023-04-12,Philosophy
U1466,B2379,2023-01-09,2023-01-18,History
U1467,B2296,2023-03-05,2023-03-09,Fantasy
U1468,B2194,2023-02-16,2023-02-25,Self-Help
U1469,B2350,2023-03-25,2023-04-02,Philosophy
U1470,B2328,2023-04-06,2023-04-12,Mystery
U1471,B2368,2023-04-06,2023-04-15,Romance
U1472,B2490,2023-05-02,2023-05-04,Fiction
U1473,B2342,2023-01-14,2023-01-17,Fiction
U1474,B2118,2023-06-05,2023-06-06,Science
U1475,B2233,2023-01-20,2023-01-30,Philosophy
U1476,B2337,2023-01-01,2023-01-10,Mystery
U1477,B2006,2023-05-24,2023-05-29,Fiction
U1478,B2146,2023-05-27,2023-06-03,Fiction
U1479,B2465,2023-01-04,2023-01-13,History
U1480,B2098,2023-05-09,2023-05-15,Self-Help
U1481,B2203,2023-03-13,2023-03-21,Science
U1482,B2356,2023-03-22,2023-03-24,Technology
U1483,B2439,2023-01-13,2023-01-20,Fiction
U1484,B2243,2023/06/01,2023-06-04,Fiction
U1485,B2330,2023-05-28,2023-05-30,Philosophy
U1486,B2470,2023-02-07,2023-02-17,Fiction
U1487,B2023,2023-06-09,2023-06-18,Science
U1488,B2016,2023-03-01,2023-03-05,History
U1489,B2385,2023-01-10,2023-01-13,Fantasy
U1490,B2290,2023-06-18,2023-06-24,Fantasy
U1491,B2378,2023-06-24,2023-06-26,History
U1492,B2498,2023-01-04,2023-01-11,Philosophy
U1493,B2038,2023-05-25,2023-06-04,Philosophy
U1494,B2203,2023-01-21,2023-01-26,Philosophy
U1495,B2230,2023-02-12,2023-02-21,Mystery
U1496,B2221,2023-06-26,2023-06-19,History
U1497,B2151,2023-06-03,2023-06-05,Technology
U1498,B2194,2023-06-13,2023-06-19,History
U1499,B2046,2023-03-15,2023-03-21,Fiction
U1500,B2052,2023-01-06,2023-01-13,History
U1501,B2284,2023-04-05,2023-04-04,Romance
U1502,B2047,2023-05-26,2023-06-01,Self-Help
U1503,B2006,2023-04-13,2023-04-15,Education
U1504,B2286,2023-05-17,2023-05-20,Technology
U1505,B2086,2023-03-10,2023-03-15,History
U1506,B2032,2023-04-09,2023-04-16,History
U1507,B2400,2023-03-09,2023-03-13,Science
U1508,B2253,2023-05-07,2023-05-15,Self-Help
U1509,B2155,2023-04-11,2023-04-21,Fiction
U1510,B2441,2023-04-11,2023-04-18,Philosophy
U1511,B2440,2023-02-10,2023-02-16,Self-Help
U1512,B2355,2023-04-11,2023-04-14,Technology
U1513,B2495,2023-03-24,2023-04-01,Philosophy
U1514,B2400,2023-03-13,2023-03-18,Technology
U1515,B2201,2023-01-19,2023-01-23,Philosophy
U1516,B2279,2023/06/25,2023-07-04,History
U1517,B2482,2023-04-26,2023-05-01,Technology
U1518,B2035,2023-06-16,2023-06-19,Fantasy
U1519,B2123,2023-06-05,2023-06-12,Education
U1520,B2037,2023-05-16,2023-05-26,Mystery
U1521,B2259,2023-05-02,2023-05-08,Fantasy
U1522,B2415,2023-05-21,2023-05-23,Romance
U1523,B2127,2023/02/21,2023-03-03,Philosophy
U1524,B2495,,2023-04-05,Philosophy
U1525,B2261,2023-05-19,2023-05-29,Romance
U1526,B2191,2023-04-25,2023-05-05,Fantasy
U1527,B2077,2023-01-16,2023-01-18,Philosophy
U1528,B2471,2023-01-27,2023-01-30,Science
U1529,B2175,2023-02-17,2023-02-25,Mystery
U1530,B2049,2023-06-23,2023-07-01,Mystery
U1531,B2153,2023-06-04,2023-06-05,Fiction
U1532,B2331,2023-06-26,2023-06-29,Science
U1533,B2379,2023-05-06,2023-05-15,Technology
U1534,B2286,2023-04-08,2023-04-15,Fantasy
U1535,B2095,2023-04-01,2023-04-11,Fantasy
U1536,B2230,2023-04-13,2023-04-14,Self-Help
U1537,B2105,2023-06-26,2023-06-28,Education
U1538,B2409,2023-02-12,2023-02-18,Romance
U1539,B2058,2023-06-28,2023-07-06,Education
U1540,B2327,2023-05-13,2023-05-23,Philosophy
U1541,B2058,2023-03-28,2023-04-05,Philosophy
U1542,B2416,2023-05-19,2023-05-21,Education
U1543,B2160,2023-02-10,2023-02-12,Science
U1544,B2355,2023-05-13,2023-05-20,History
U1545,B2294,2023-04-06,2023-04-14,Fantasy
U1546,B2355,2023-05-06,2023-05-14,History
U1547,B2095,2023-04-20,2023-04-21,Philosophy
U1548,B2487,2023-04-05,2023-04-09,Fiction
U1549,B2493,2023-05-21,2023-05-29,Romance
U1550,B2251,2023-06-27,2023-07-05,Fantasy
U1551,B2042,2023-01-26,2023-01-30,Self-Help
U1552,B2140,2023-05-10,2023-05-13,Technology
U1553,B2289,2023-05-17,2023-05-19,Mystery
U1554,B2137,2023-03-18,2023-03-19,Romance
U1555,B2225,2023-02-14,2023-02-16,Romance
U1556,B2334,2023-03-28,2023-03-29,Technology
U1557,B2178,2023-04-28,2023-04-30,Science
U1558,B2121,2023-06-19,2023-06-25,Technology
U1559,B2312,2023-02-20,2023-02-23,Fantasy
U1560,B2416,2023-01-19,2023-01-25,Technology
U1561,B2305,2023-02-11,2023-02-16,Romance
U1562,B2136,2023-06-27,2023-06-29,Romance
U1563,B2384,2023-01-09,2023-01-12,Fantasy
U1564,B2067,2023-02-23,2023-03-01,Technology
U1565,B2389,2023-04-05,2023-04-15,Fantasy
U1566,B2321,2023-04-15,2023-04-17,Fantasy
U1567,B2450,2023-04-17,2023-04-22,Science
U1568,B2449,2023-04-16,2023-04-22,Philosophy
U1569,B2444,2023-06-15,2023-06-21,Science
U1570,B2407,2023-04-07,2023-04-14,Romance
U1571,B2253,2023-03-27,2023-04-01,Education
U1572,B2295,2023-05-28,2023-06-05,History
U1573,B2457,,2023-01-12,Fiction
U1574,B2225,2023-01-14,2023-01-18,Mystery
U1575,B2465,2023-06-10,2023-06-13,History
U1576,B2448,2023-01-21,2023-01-27,Education
U1577,B2190,2023-01-13,2023-01-18,History
U1578,B2386,2023-04-21,2023-04-23,Technology
U1579,B2000,2023-04-03,2023-04-06,Technology
U1580,B2265,2023-01-01,2023-01-07,Mystery
U1581,B2440,2023/06/05,2023-06-13,Fantasy
U1582,B2045,2023-01-11,2023-01-17,Science
U1583,B2070,2023-02-24,2023-02-21,Fantasy
U1584,B2004,2023-06-06,2023-06-14,Self-Help
U1585,B2109,2023-04-20,2023-04-28,History
U1586,B2044,2023-02-25,2023-02-27,Science
U1587,B2196,2023-04-11,2023-04-14,Philosophy
U1588,B2330,2023-02-18,2023-02-28,Science
U1589,B2311,2023-06-01,2023-06-06,Education
U1590,B2310,2023-02-24,2023-03-03,Romance
U1591,B2027,2023-04-13,2023-04-15,Technology
U1592,B2326,2023-01-17,2023-01-18,Self-Help
U1593,B2478,2023-02-13,2023-02-23,Philosophy
U1594,B2279,2023-04-25,2023-04-27,History
U1595,B2007,2023-02-02,2023-02-03,Education
U1596,B2203,2023-03-21,2023-03-30,Romance
U1597,B2216,2023-01-21,2023-01-30,Fantasy
U1598,B2078,2023-01-10,2023-01-12,Education
U1599,B2104,2023-05-11,2023-05-18,History
U1600,B2390,2023-03-23,2023-03-30,Science
U1601,B2433,2023-01-08,2023-01-10,Technology
U1602,B2059,2023-05-20,2023-05-21,Mystery
U1603,B2379,2023-01-01,2023-01-04,History
U1604,B2083,2023-03-17,2023-03-26,Mystery
U1605,B2369,2023-02-12,2023-02-15,Education
U1606,B2447,2023-06-04,2023-06-05,Education
U1607,B2219,2023-05-03,2023-05-08,Education
U1608,B2295,2023-04-15,2023-04-24,Science
U1609,B2255,2023-02-12,2023-02-15,Self-Help
U1610,B2052,2023-06-24,2023-06-26,Self-Help
U1611,B2260,2023-01-28,2023-01-29,Fiction
U1612,B2241,2023-04-05,2023-04-08,Philosophy
U1613,B2439,2023-05-26,2023-06-02,Fiction
U1614,B2127,2023-06-11,2023-06-16,Fantasy
U1615,B2292,2023-01-17,2023-01-18,Philosophy
U1616,B2411,2023-01-13,2023-01-15,Romance
U1617,B2443,2023-03-11,2023-03-13,Education
U1618,B2004,2023-02-10,2023-02-20,Philosophy
U1619,B2378,2023-02-15,2023-02-21,Self-Help
U1620,B2252,2023-06-18,2023-06-22,Technology
U1621,B2477,2023-01-08,2023-01-17,Fantasy
U1622,B2429,2023-03-01,2023-03-08,Fiction
U1623,B2372,2023-01-07,2023-01-16,Education
U1624,B2214,,2023-01-10,Mystery
U1625,B2459,2023-04-23,2023-04-29,Romance
U1626,B2382,2023-05-04,2023-05-13,Science
U1627,B2419,,2023-01-29,Fantasy
U1628,B2121,2023-03-28,2023-04-03,Education
U1629,B2201,2023-03-15,2023-03-20,Philosophy
U1630,B2483,2023-02-25,2023-03-07,Technology
U1631,B2054,2023-04-15,2023-04-21,History
U1632,B2274,2023-02-15,2023-02-20,Philosophy
U1633,B2436,2023-01-06,2023-01-11,Science
U1634,B2356,2023-01-07,2023-01-13,Self-Help
U1635,B2364,2023-03-13,,Technology
U1636,B2133,2023-01-13,2023-01-21,History
U1637,B2281,2023-01-15,2023-01-17,Technology
U1638,B2071,2023-01-02,2023-01-06,Science
U1639,B2421,2023-03-22,2023-03-24,Fantasy
U1640,B2132,2023-01-03,2023-01-07,Science
U1641,B2227,2023-01-28,2023-02-03,History
U1642,B2482,2023-01-06,2023-01-16,Mystery
U1643,B2370,2023-04-01,2023-04-08,Fantasy
U1644,B2088,2023-02-06,2023-02-11,Philosophy
U1645,B2452,2023-01-20,2023-01-30,History
U1646,B2331,2023-04-14,2023-04-23,Education
U1647,B2044,2023-04-05,2023-04-12,Education
U1648,B2452,2023-02-21,2023-03-02,Romance
U1649,B2195,2023-04-18,2023-04-26,Philosophy
U1650,B2289,2023-03-13,2023-03-18,Romance
U1651,B2163,2023/02/01,2023-02-06,Self-Help
U1652,B2271,2023-05-08,2023-05-11,Philosophy
U1653,B2336,2023-03-18,2023-03-19,Technology
U1654,B2485,2023-05-28,2023-06-04,Technology
U1655,B2429,2023-02-08,2023-02-18,History
U1656,B2377,2023-05-01,2023-05-07,Philosophy
U1657,B2288,2023-05-07,2023-05-15,History
U1658,B2089,2023-01-03,2023-01-04,Mystery
U1659,B2112,2023-05-16,2023-05-17,Fiction
U1660,B2314,2023-02-11,2023-02-14,Technology
U1661,B2432,2023-01-01,2023-01-04,Philosophy
U1662,B2469,2023-01-28,2023-02-06,History
U1663,B2491,2023-03-23,2023-03-30,Science
U1664,B2172,2023-03-05,2023-03-08,Education
U1665,B2223,2023-06-11,2023-06-14,Mystery
U1666,B2287,2023-03-08,2023-03-18,Self-Help
U1667,B2193,2023-06-23,2023-06-28,Education
U1668,B2373,2023-06-19,2023-06-26,Fiction
U1669,B2394,2023-01-06,2023-01-16,Self-Help
U1670,B2414,2023-02-21,2023-03-03,Self-Help
U1671,B2254,2023-03-24,2023-03-26,History
U1672,B2163,2023-06-03,2023-06-09,History
U1673,B2135,2023-02-23,2023-02-25,Technology
U1674,B2402,2023-06-01,2023-06-02,Science
U1675,B2375,2023-02-14,2023-02-22,Fantasy
U1676,B2179,2023-04-04,2023-04-12,Romance
U1677,B2295,2023-02-15,2023-02-17,Technology
U1678,B2017,2023-01-11,2023-01-16,Education
U1679,B2037,2023-02-13,2023-02-16,Philosophy
U1680,B2280,2023-03-20,2023-03-30,Science
U1681,B2360,2023-04-21,2023-04-24,Fiction
U1682,B2222,2023-01-04,2023-01-10,History
U1683,B2097,2023-06-18,2023-06-27,Fantasy
U1684,B2144,2023-02-04,2023-02-05,Education
U1685,B2281,2023-02-02,2023-02-08,Mystery
U1686,B2150,,2023-04-09,Self-Help
U1687,B2326,2023-01-16,2023-01-18,Education
U1688,B2203,2023-04-27,2023-04-22,Mystery
U1689,B2198,2023-03-13,2023-03-19,History
U1690,B2022,2023-04-15,2023-04-20,Education
U1691,B2137,2023-01-05,,Self-Help
U1692,B2413,2023-04-25,2023-05-05,Romance
U1693,B2031,2023-05-14,2023-05-23,Fantasy
U1694,B2479,2023-05-08,2023-05-16,Mystery
U1695,B2202,2023-05-19,2023-05-28,Fiction
U1696,B2346,2023-02-04,2023-02-12,Self-Help
U1697,B2085,2023-02-05,2023-02-06,Technology
U1698,B2349,2023-02-27,2023-03-02,Fantasy
U1699,B2132,2023-06-28,2023-06-26,Philosophy
U1700,B2203,2023-03-28,2023-04-02,Romance
U1701,B2469,2023-06-20,2023-06-30,Fiction
U1702,B2214,2023-04-05,2023-04-08,Science
U1703,B2298,2023-01-19,2023-01-21,Science
U1704,B2444,2023-03-14,2023-03-19,Romance
U1705,B2248,2023-05-16,2023-05-17,Self-Help
U1706,B2206,2023-05-20,,History
U1707,B2353,2023-01-24,2023-02-01,Technology
U1708,B2459,2023-01-11,2023-01-16,Philosophy
U1709,B2431,2023-06-22,2023-06-24,Mystery
U1710,B2116,2023-03-24,2023-04-01,History
U1711,B2164,2023-06-14,2023-06-24,Education
U1712,B2096,2023-02-27,2023-03-06,Mystery
U1713,B2388,2023-03-27,2023-03-28,Romance
U1714,B2081,2023-03-23,2023-04-01,Science
U1715,B2399,2023-05-01,2023-05-04,Romance
U1716,B2426,2023-01-08,2023-01-09,Technology
U1717,B2470,2023-06-07,2023-06-12,Philosophy
U1718,B2237,2023-04-21,2023-04-23,Romance
U1719,B2123,2023-04-20,2023-04-28,Philosophy
U1720,B2445,2023-05-18,2023-05-24,Mystery
U1721,B2428,2023-06-27,2023-06-29,Education
U1722,B2197,2023-02-28,2023-03-10,Fiction
U1723,B2109,2023-06-08,2023-06-12,Technology
U1724,B2209,2023-01-28,2023-01-29,Romance
U1725,B2067,2023-05-26,2023-05-27,History
U1726,B2311,2023-06-23,2023-06-28,Education
U1727,B2192,2023-04-09,2023-04-13,Philosophy
U1728,B2346,2023-05-13,2023-05-23,Romance
U1729,B2261,2023-05-21,2023-05-31,Philosophy
U1730,B2152,2023-04-03,2023-04-09,Science
U1731,B2327,2023-03-09,2023-03-14,Philosophy
U1732,B2264,2023-01-26,2023-02-05,Technology
U1733,B2163,2023-06-01,2023-06-09,History
U1734,B2132,2023-04-13,2023-04-14,Fantasy
U1735,B2292,2023-03-24,2023-03-28,Technology
U1736,B2326,2023-06-12,2023-06-21,Mystery
U1737,B2087,2023-02-10,2023-02-12,Romance
U1738,B2379,2023-06-26,2023-07-05,Education
U1739,B2093,2023-06-03,2023-06-07,Philosophy
U1740,B2381,2023-04-26,2023-05-02,Education
U1741,B2299,2023-04-28,2023-04-30,Education
U1742,B2443,2023-05-20,2023-05-22,Self-Help
U1743,B2099,2023-01-28,2023-02-04,Romance
U1744,B2211,2023-02-05,2023-02-09,Fiction
U1745,B2291,2023-02-11,2023-02-14,Mystery
U1746,B2249,2023-06-06,2023-06-12,Philosophy
U1747,B2002,2023-03-07,2023-03-10,Mystery
U1748,B2081,2023-01-05,2023-01-15,Mystery
U1749,B2219,2023-04-23,2023-04-16,Fantasy
U1750,B2102,2023-01-11,2023-01-20,Philosophy
U1751,B2346,2023-06-24,2023-06-28,Fiction
U1752,B2449,2023-03-05,2023-03-07,Philosophy
U1753,B2301,2023-02-03,2023-02-04,Education
U1754,B2148,2023-06-17,2023-06-27,Mystery
U1755,B2222,2023-03-16,2023-03-22,History
U1756,B2084,2023-01-08,2023-01-12,Fantasy
U1757,B2067,2023-06-01,2023-06-11,Technology
U1758,B2063,2023-06-21,2023-06-22,Philosophy
U1759,B2327,2023-05-20,2023-05-21,Education
U1760,B2024,2023-06-27,2023-06-28,Science
U1761,B2213,2023-04-04,2023-04-13,Mystery
U1762,B2359,2023-02-23,2023-02-24,History
U1763,B2338,2023-06-17,2023-06-22,Science
U1764,B2358,2023-04-27,2023-04-29,History
U1765,B2316,2023-03-04,2023-03-06,Science
U1766,B2311,2023-03-27,2023-04-05,Technology
U1767,B2183,2023-03-06,2023-03-07,Fantasy
U1768,B2466,2023-06-16,2023-06-22,Technology
U1769,B2006,2023-01-27,2023-02-06,Science
U1770,B2076,2023-05-03,2023-05-05,Science
U1771,B2329,2023-04-10,2023-04-15,Technology
U1772,B2051,2023-01-28,2023-02-02,History
U1773,B2346,2023-04-24,2023-04-26,Philosophy
U1774,B2004,2023-06-21,2023-06-24,History
U1775,B2457,2023-05-09,2023-05-11,Mystery
U1776,B2175,2023-01-13,2023-01-20,History
U1777,B2139,2023-06-28,2023-07-06,Fantasy
U1778,B2332,2023-01-05,2023-01-06,History
U1779,B2432,2023-01-14,2023-01-24,History
U1780,B2291,2023-02-20,2023-02-27,Mystery
U1781,B2313,2023-06-27,2023-06-30,Fiction
U1782,B2249,2023-04-15,,Science
U1783,B2006,2023-06-19,2023-06-29,Romance
U1784,B2489,,2023-05-27,Philosophy
U1785,B2246,2023-06-22,2023-06-29,Philosophy
U1786,B2423,2023-05-02,2023-05-03,Romance
U1787,B2080,2023-04-28,2023-05-06,Romance
U1788,B2038,2023-03-08,2023-03-14,Mystery
U1789,B2025,2023-02-18,2023-02-25,Romance
U1790,B2120,2023-04-15,2023-04-25,Science
U1791,B2438,2023-04-11,2023-04-13,Mystery
U1792,B2381,2023-01-20,2023-01-13,Fiction
U1793,B2000,2023-05-20,2023-05-25,Science
U1794,B2287,2023-06-22,2023-06-30,Technology
U1795,B2186,2023-02-28,2023-03-08,Fiction
U1796,B2392,2023-05-16,2023-05-22,Self-Help
U1797,B2058,2023-06-08,2023-06-09,Science
U1798,B2424,2023-05-17,2023-05-23,Education
U1799,B2023,2023-04-05,2023-04-12,History
U1800,B2312,2023-02-04,2023-02-11,Technology
U1801,B2422,2023-06-11,2023-06-13,Technology
U1802,B2023,2023-01-25,2023-02-02,Self-Help
U1803,B2301,2023-02-16,2023-02-17,Romance
U1804,B2024,2023-04-27,2023-05-07,Romance
U1805,B2260,2023-06-19,2023-06-22,History
U1806,B2065,2023-04-22,2023-05-02,Science
U1807,B2164,2023-04-14,2023-04-24,Romance
U1808,B2390,2023-03-13,2023-03-19,Technology
U1809,B2231,2023-02-14,2023-02-24,History
U1810,B2383,2023-03-27,2023-04-05,Romance
U1811,B2364,2023-06-07,2023-06-11,Romance
U1812,B2365,2023-06-12,2023-06-15,Education
U1813,B2332,2023-05-18,2023-05-24,History
U1814,B2389,2023-05-16,2023-05-26,Philosophy
U1815,B2341,2023-06-24,2023-07-03,Fantasy
U1816,B2433,,2023-01-19,Fantasy
U1817,B2027,2023-02-09,2023-02-12,Fiction
U1818,B2349,2023-02-27,2023-02-28,Education
U1819,B2151,2023-05-02,2023-05-08,Technology
U1820,B2052,2023-06-24,2023-07-03,Self-Help
U1821,B2380,2023-04-08,2023-04-17,Romance
U1822,B2408,2023-06-22,2023-06-23,Education
U1823,B2198,2023-06-11,,Fantasy
U1824,B2103,2023-04-27,2023-05-01,Self-Help
U1825,B2360,2023-05-18,2023-05-28,Philosophy
U1826,B2371,2023-03-15,2023-03-18,Technology
U1827,B2038,2023-02-24,2023-03-05,History
U1828,B2020,2023-03-18,2023-03-23,Fantasy
U1829,B2299,2023-01-11,2023-01-19,Education
U1830,B2079,2023-02-21,2023-02-11,Fiction
U1831,B2431,2023-04-26,2023-05-06,Education
U1832,B2037,2023-05-08,2023-05-11,Philosophy
U1833,B2402,2023-02-14,2023-02-23,Romance
U1834,B2047,2023-02-07,2023-02-13,Philosophy
U1835,B2150,2023-05-17,2023-05-25,Technology
U1836,B2421,2023-01-22,2023-01-28,Fiction
U1837,B2463,2023-05-08,2023-05-09,Self-Help
U1838,B2164,2023-01-13,2023-01-18,Fantasy
U1839,B2144,2023-05-27,2023-06-02,Fiction
U1840,B2260,2023-04-02,2023-04-07,Mystery
U1841,B2098,2023-05-03,2023-05-05,Philosophy
U1842,B2489,2023-05-01,2023-05-03,Romance
U1843,B2322,2023-06-14,2023-06-16,Technology
U1844,B2424,2023-06-27,2023-06-29,Fantasy
U1845,B2078,2023-04-23,2023-04-29,Fiction
U1846,B2027,2023-03-18,2023-03-20,History
U1847,B2116,2023-04-13,2023-04-21,Education
U1848,B2221,2023-01-13,2023-01-15,Philosophy
U1849,B2328,2023-01-25,2023-02-04,Self-Help
U1850,B2183,2023-01-10,2023-01-15,Romance
U1851,B2144,2023-04-13,2023-04-14,Mystery
U1852,B2273,2023-02-24,2023-03-03,Technology
U1853,B2434,2023-03-21,2023-03-24,Romance
U1854,B2454,2023-01-18,2023-01-27,Philosophy
U1855,B2021,2023-05-20,2023-05-27,Fiction
U1856,B2484,2023-03-07,2023-03-13,Science
U1857,B2463,2023-02-06,2023-02-09,Romance
U1858,B2427,2023-02-04,2023-02-07,Education
U1859,B2290,2023-05-15,2023-05-24,Fiction
U1860,B2128,2023-02-24,2023-03-06,Science
U1861,B2169,2023-02-22,2023-02-26,Philosophy
U1862,B2317,2023-02-11,2023-02-19,Science
U1863,B2315,2023-06-19,2023-06-22,Education
U1864,B2186,2023-04-06,2023-04-07,Philosophy
U1865,B2402,2023-06-24,2023-07-01,Technology
U1866,B2184,2023-06-24,2023-06-30,History
U1867,B2236,2023-03-25,2023-03-30,Mystery
U1868,B2055,2023-06-20,2023-06-22,History
U1869,B2439,2023-05-07,2023-05-12,History
U1870,B2320,2023-06-03,2023-06-04,Science
U1871,B2323,2023-05-19,2023-05-26,Fiction
U1872,B2108,2023-05-09,2023-05-18,Fiction
U1873,B2276,2023-06-25,2023-06-28,Mystery
U1874,B2114,2023-06-28,2023-07-03,Self-Help
U1875,B2256,2023-01-13,2023-01-19,Romance
U1876,B2339,2023-05-22,2023-05-25,Technology
U1877,B2071,2023-02-06,2023-02-16,Mystery
U1878,B2337,2023-06-24,2023-07-02,History
U1879,B2020,2023-04-08,2023-04-10,Technology
U1880,B2119,2023-06-07,2023-06-16,Fiction
U1881,B2184,2023-04-15,,Fantasy
U1882,B2052,2023-06-27,2023-07-02,Romance
U1883,B2134,2023-05-19,2023-05-22,Self-Help
U1884,B2193,2023-05-21,2023-05-23,Philosophy
U1885,B2192,2023-05-13,2023-05-19,Technology
U1886,B2176,2023-04-20,2023-04-21,Mystery
U1887,B2071,2023-02-08,2023-02-10,Mystery
U1888,B2143,2023-02-06,2023-02-09,Technology
U1889,B2367,2023-06-08,2023-06-15,Science
U1890,B2368,2023-04-22,2023-04-30,Science
U1891,B2302,2023-06-27,2023-07-04,History
U1892,B2065,2023-05-06,2023-05-09,Self-Help
U1893,B2020,2023-02-02,2023-02-05,Self-Help
U1894,B2092,2023-04-20,2023-04-30,Romance
U1895,B2449,2023-01-07,2023-01-15,Education
U1896,B2241,2023-02-08,2023-02-15,Mystery
U1897,B2406,2023-02-20,2023-03-01,Self-Help
U1898,B2370,2023/04/20,2023-04-30,Philosophy
U1899,B2197,2023-01-01,2023-01-05,History
U1900,B2465,2023-06-14,2023-06-17,Romance
U1901,B2090,2023-05-20,2023-05-21,Mystery
U1902,B2272,2023-01-03,2023-01-11,Romance
U1903,B2461,2023-05-27,2023-05-28,Self-Help
U1904,B2396,2023-05-14,2023-05-20,Fantasy
U1905,B2357,2023-04-08,2023-04-16,Romance
U1906,B2195,,2023-06-05,Philosophy
U1907,B2130,2023-02-28,2023-03-02,Mystery
U1908,B2448,2023-04-09,2023-04-13,Romance
U1909,B2295,2023-01-17,2023-01-18,Romance
U1910,B2105,2023-04-12,2023-04-14,Philosophy
U1911,B2333,2023-03-09,2023-03-18,Self-Help
U1912,B2187,2023-03-22,2023-03-29,Self-Help
U1913,B2211,2023-05-16,2023-05-19,Romance
U1914,B2284,2023-03-10,2023-03-20,Mystery
U1915,B2361,2023-06-05,2023-06-07,Fantasy
U1916,B2228,2023-01-07,2023-01-16,History
U1917,B2173,2023-05-23,2023-05-24,Romance
U1918,B2493,2023-01-27,2023-01-30,Fiction
U1919,B2307,2023-01-03,2023-01-08,Fantasy
U1920,B2040,2023-01-24,2023-01-31,Self-Help
U1921,B2205,2023-06-17,2023-06-22,Self-Help
U1922,B2305,2023-02-21,2023-03-01,Fiction
U1923,B2103,2023-03-07,2023-03-08,Romance
U1924,B2261,2023-06-08,2023-06-18,Romance
U1925,B2018,2023-02-21,2023-02-22,Philosophy
U1926,B2044,2023-04-12,2023-04-19,Education
U1927,B2102,2023-01-24,2023-01-26,Romance
U1928,B2281,2023-06-27,2023-07-06,Education
U1929,B2178,2023-03-08,2023-03-18,Philosophy
U1930,B2232,2023-05-01,2023-05-06,Fantasy
U1931,B2259,2023-05-03,2023-05-12,Science
U1932,B2484,2023-05-09,2023-05-18,Science
U1933,B2294,2023-06-15,2023-06-22,Education
U1934,B2394,2023-03-25,2023-04-02,Technology
U1935,B2459,2023-01-16,2023-01-18,Self-Help
U1936,B2195,2023-06-23,2023-06-27,Technology
U1937,B2211,2023-05-18,2023-05-19,Philosophy
U1938,B2134,2023-03-03,2023-03-10,Technology
U1939,B2420,2023-01-18,2023-01-21,Philosophy
U1940,B2181,2023-05-09,2023-05-12,Technology
U1941,B2349,2023-04-24,2023-04-28,Technology
U1942,B2123,2023-02-08,2023-02-12,Education
U1943,B2428,2023-03-05,2023-03-07,Self-Help
U1944,B2040,2023-05-01,2023-05-10,Mystery
U1945,B2434,2023-03-20,2023-03-26,Mystery
U1946,B2451,2023-03-16,2023-03-19,Self-Help
U1947,B2468,2023-03-13,2023-03-17,Romance
U1948,B2065,2023-05-26,2023-06-02,Fiction
U1949,B2276,2023-05-12,2023-05-19,Fiction
U1950,B2397,2023-04-04,2023-04-13,History
U1951,B2352,2023-01-22,2023-01-26,Fiction
U1952,B2051,2023-03-20,2023-03-25,Philosophy
U1953,B2134,2023-03-16,2023-03-26,Technology
U1954,B2094,2023-04-07,2023-04-14,Mystery
U1955,B2190,2023-04-09,2023-04-17,Philosophy
U1956,B2067,2023-06-08,2023-06-10,Self-Help
U1957,B2411,2023-05-14,2023-05-21,Technology
U1958,B2409,2023-04-26,2023-04-27,History
U1959,B2255,2023-06-17,2023-06-26,History
U1960,B2402,2023-03-09,2023-03-18,Mystery
U1961,B2024,2023-01-23,,Fantasy
U1962,B2243,2023-04-24,2023-04-30,Science
U1963,B2184,2023-05-26,2023-05-31,Romance
U1964,B2210,2023-03-28,2023-04-07,Science
U1965,B2294,2023-02-25,2023-03-02,Romance
U1966,B2344,2023-04-25,2023-05-03,Romance
U1967,B2195,2023-03-15,2023-03-18,Self-Help
U1968,B2327,2023-04-21,2023-05-01,Philosophy
U1969,B2434,2023-01-06,2023-01-12,Science
U1970,B2162,2023-06-09,2023-06-19,Education
U1971,B2138,2023-03-24,2023-04-03,Mystery
U1972,B2230,2023-02-06,2023-02-07,Fantasy
U1973,B2120,2023-06-23,2023-06-25,Education
U1974,B2203,2023-01-03,2023-01-11,Science
U1975,B2013,2023-05-25,2023-05-27,Fantasy
U1976,B2316,2023-01-21,2023-01-28,History
U1977,B2126,2023-04-21,2023-04-24,Education
U1978,B2429,2023-01-02,2023-01-08,History
U1979,B2166,2023-04-28,2023-05-07,Mystery
U1980,B2280,2023-02-23,2023-03-04,Mystery
U1981,B2305,2023-06-24,2023-07-04,Mystery
U1982,B2327,2023-03-12,2023-03-20,Romance
U1983,B2412,2023-04-10,2023-04-16,Science
U1984,B2079,2023-01-01,2023-01-10,Education
U1985,B2434,2023-03-10,2023-03-18,History
U1986,B2352,2023-04-10,2023-04-11,Mystery
U1987,B2408,2023-05-08,2023-05-09,Education
U1988,B2096,2023-05-14,2023-05-21,Fantasy
U1989,B2366,,2023-04-13,Fantasy
U1990,B2264,2023-06-22,2023-06-27,Self-Help
U1991,B2380,2023-03-14,2023-03-18,Romance
U1992,B2093,2023-03-04,2023-03-12,History
U1993,B2139,2023-04-07,2023-04-13,Self-Help
U1994,B2496,2023-01-06,2023-01-08,Romance
U1995,B2064,2023-06-01,2023-06-05,Mystery
U1996,B2252,2023-03-14,2023-03-19,Technology
U1997,B2255,2023-04-23,2023-04-24,Philosophy
U1998,B2431,2023/01/09,2023-01-16,History
U1999,B2092,2023-03-27,2023-04-03,Technology
U2000,B2062,2023-04-25,2023-05-03,Technology
U2001,B2017,2023-04-24,2023-04-26,Technology
U2002,B2106,2023-04-22,2023-04-27,Mystery
U2003,B2081,2023-06-18,2023-06-27,Fiction
U2004,B2246,2023-02-12,2023-02-13,Education
U2005,B2111,2023-02-21,2023-02-28,Science
U2006,B2085,2023-05-04,2023-05-11,Education
U2007,B2004,2023-05-26,2023-06-03,Fiction
U2008,B2079,2023-01-08,2023-01-11,Philosophy
U2009,B2351,,2023-03-26,Self-Help
U2010,B2359,2023-01-05,2023-01-13,Romance
U2011,B2285,2023/04/24,2023-04-28,Philosophy
U2012,B2183,2023-03-02,2023-03-10,History
U2013,B2286,2023-05-23,2023-05-31,Education
U2014,B2095,2023-03-11,2023-03-19,Romance
U2015,B2425,2023-05-06,2023-05-08,Self-Help
U2016,B2230,2023-03-18,2023-03-24,Education
U2017,B2397,2023-04-24,2023-04-27,Romance
U2018,B2317,2023-05-08,2023-05-14,Philosophy
U2019,B2337,2023-04-07,2023-04-16,Romance
U2020,B2392,2023-02-20,2023-02-25,Romance
U2021,B2328,2023-01-04,2023-01-13,Philosophy
U2022,B2022,2023-02-28,2023-03-01,History
U2023,B2248,2023-01-02,2023-01-12,Technology
U2024,B2198,2023-05-20,2023-05-30,Mystery
U2025,B2187,,2023-05-25,Technology
U2026,B2335,2023-01-15,2023-01-16,Mystery
U2027,B2380,2023-03-26,2023-03-27,Fantasy
U2028,B2136,2023-01-24,2023-01-26,Romance
U2029,B2039,2023-05-04,2023-05-06,Technology
U2030,B2272,2023-02-07,2023-02-16,Fantasy
U2031,B2291,2023-05-24,2023-06-02,History
U2032,B2054,2023-03-22,2023-03-30,Self-Help
U2033,B2218,2023-02-26,2023-03-01,Science
U2034,B2258,2023-06-06,2023-06-15,Philosophy
U2035,B2226,2023-03-18,2023-03-24,Philosophy
U2036,B2211,2023-06-11,2023-06-21,Fantasy
U2037,B2279,2023-04-25,2023-05-04,Technology
U2038,B2130,2023-04-15,2023-04-22,Philosophy
U2039,B2145,2023-01-17,2023-01-20,Self-Help
U2040,B2154,2023-03-08,2023-03-12,Fiction
U2041,B2011,2023-05-17,2023-05-26,Education
U2042,B2292,2023-01-02,2023-01-10,History
U2043,B2070,2023-03-19,2023-03-23,Education
U2044,B2415,2023-01-19,2023-01-26,Education
U2045,B2111,2023-06-11,2023-06-19,Science
U2046,B2422,2023-01-25,2023-01-20,Self-Help
U2047,B2195,2023-01-25,2023-01-31,Science
U2048,B2418,2023-04-28,2023-04-30,Fantasy
U2049,B2116,2023-01-28,2023-01-21,Self-Help
U2050,B2021,2023-05-19,2023-05-22,Philosophy
U2051,B2357,2023-02-02,2023-02-09,Technology
U2052,B2385,2023-05-17,2023-05-19,Self-Help
U2053,B2148,2023-02-11,2023-02-05,Fantasy
U2054,B2381,2023-05-18,2023-05-13,Fiction
U2055,B2222,2023-02-16,2023-02-25,History
U2056,B2202,2023-02-18,2023-02-28,Self-Help
U2057,B2268,2023-02-03,2023-02-08,Technology
U2058,B2165,2023-01-04,2023-01-11,Self-Help
U2059,B2178,2023-03-12,2023-03-22,Technology
U2060,B2394,2023-02-12,2023-02-22,Education
U2061,B2411,,2023-05-13,Mystery
U2062,B2102,2023-02-25,2023-02-27,Philosophy
U2063,B2027,2023-05-05,2023-05-10,Technology
U2064,B2156,2023-04-01,2023-04-07,Mystery
U2065,B2275,2023-02-18,2023-02-27,Technology
U2066,B2280,2023-05-24,2023-05-27,Mystery
U2067,B2342,,2023-04-28,Fiction
U2068,B2030,2023-02-26,2023-03-08,Education
U2069,B2238,2023-01-13,2023-01-18,Fiction
U2070,B2467,2023-01-01,2023-01-06,Philosophy
U2071,B2332,2023-02-13,2023-02-22,Fantasy
U2072,B2050,2023-04-28,2023-05-08,Philosophy
U2073,B2095,2023-05-15,2023-05-24,Technology
U2074,B2011,2023-02-17,2023-02-22,Fiction
U2075,B2201,2023-01-12,2023-01-18,History
U2076,B2154,2023-05-09,2023-05-10,Technology
U2077,B2449,2023-01-18,2023-01-23,Fantasy
U2078,B2174,2023-06-05,2023-06-07,Fantasy
U2079,B2266,2023-06-22,2023-06-26,Self-Help
U2080,B2293,2023-04-10,2023-04-20,History
U2081,B2277,2023-02-21,2023-02-24,History
U2082,B2350,2023-02-10,2023-02-19,Technology
U2083,B2220,2023-06-19,2023-06-22,History
U2084,B2285,2023-06-04,2023-06-07,Romance
U2085,B2450,2023-06-01,2023-06-07,History
U2086,B2211,2023-03-15,2023-03-20,Fantasy
U2087,B2096,2023-02-06,2023-02-07,Science
U2088,B2313,2023-03-20,2023-03-30,Self-Help
U2089,B2305,2023-02-22,2023-02-23,Technology
U2090,B2352,2023-02-17,2023-02-27,Mystery
U2091,B2332,2023-02-28,2023-03-07,Philosophy
U2092,B2070,2023-02-08,2023-02-09,History
U2093,B2496,2023-03-14,2023-03-18,Fiction
U2094,B2103,2023-01-06,2023-01-14,Technology
U2095,B2250,2023-04-08,2023-04-15,Philosophy
U2096,B2021,2023-06-27,2023-07-04,Self-Help
U2097,B2201,2023-06-19,2023-06-29,Self-Help
U2098,B2328,2023-05-04,2023-05-12,Fiction
U2099,B2449,2023-02-17,2023-02-26,Fiction
U2100,B2376,2023-05-13,2023-05-22,Fiction
U2101,B2492,2023-02-10,2023-02-18,Fiction
U2102,B2155,2023-04-06,2023-04-13,Education
U2103,B2470,2023-06-17,2023-06-20,Fiction
U2104,B2330,2023-01-24,2023-02-02,Mystery
U2105,B2398,2023-06-18,2023-06-21,Self-Help
U2106,B2165,2023-01-06,2023-01-14,Mystery
U2107,B2364,2023-04-03,2023-04-08,Technology
U2108,B2332,2023/06/24,2023-06-26,History
U2109,B2324,2023-01-17,2023-01-24,Philosophy
U2110,B2499,2023-05-06,2023-05-13,Romance
U2111,B2022,2023-03-19,2023-03-22,History
U2112,B2074,2023-06-02,2023-06-09,History
U2113,B2373,2023-03-21,2023-03-24,Mystery
U2114,B2067,2023/01/20,2023-01-25,Technology
U2115,B2437,2023-05-26,2023-05-27,Mystery
U2116,B2252,2023-02-19,2023-02-27,Technology
U2117,B2226,2023-05-20,2023-05-21,Science
U2118,B2280,2023-05-21,2023-05-30,Education
U2119,B2106,2023-02-05,2023-02-06,Fiction
U2120,B2018,2023-01-22,2023-02-01,History
U2121,B2152,2023-01-02,2023-01-04,Philosophy
U2122,B2091,2023-06-10,2023-06-20,History
U2123,B2358,2023-05-26,2023-06-04,Self-Help
U2124,B2233,2023-03-02,2023-03-04,Self-Help
U2125,B2165,2023-04-27,2023-04-29,Philosophy
U2126,B2431,2023-01-10,2023-01-18,Romance
U2127,B2355,2023-03-17,2023-03-24,Education
U2128,B2356,2023-05-02,2023-05-04,Technology
U2129,B2322,2023-01-16,2023-01-26,Romance
U2130,B2361,2023-04-20,2023-04-26,Education
U2131,B2294,2023-03-05,2023-03-15,Self-Help
U2132,B2266,2023-04-26,2023-04-29,Mystery
U2133,B2119,2023-02-01,2023-02-03,Education
U2134,B2377,2023-05-14,,Technology
U2135,B2286,2023-01-21,2023-01-25,Technology
U2136,B2130,2023-03-10,2023-03-19,Science
U2137,B2392,2023-01-22,2023-01-28,Fiction
U2138,B2370,2023-05-01,2023-05-04,Self-Help
U2139,B2426,2023-06-16,2023-06-24,Philosophy
U2140,B2330,2023-04-05,2023-04-13,History
U2141,B2274,2023-04-26,2023-05-03,Philosophy
U2142,B2028,2023-03-19,2023-03-25,Romance
U2143,B2009,2023-05-22,2023-05-28,Technology
U2144,B2454,2023-01-05,2023-01-10,Philosophy
U2145,B2173,2023-06-18,2023-06-21,Fantasy
U2146,B2199,2023-05-04,2023-05-09,History
U2147,B2161,2023-03-14,2023-03-16,Fiction
U2148,B2121,2023-04-27,2023-05-02,Philosophy
U2149,B2154,2023-01-12,2023-01-13,History
U2150,B2467,2023-04-17,2023-04-18,Science
U2151,B2463,2023-02-07,2023-02-13,Romance
U2152,B2375,2023-03-25,2023-03-31,Romance
U2153,B2446,2023-05-22,2023-05-25,Science
U2154,B2018,2023-04-23,2023-05-02,Mystery
U2155,B2159,2023-06-28,2023-07-08,Fiction
U2156,B2170,2023-01-04,2023-01-13,Mystery
U2157,B2381,2023-01-19,2023-01-24,Education
U2158,B2107,2023-02-07,2023-02-12,Philosophy
U2159,B2163,2023-06-04,2023-06-09,Mystery
U2160,B2140,2023-01-20,2023-01-29,Science
U2161,B2105,2023-03-18,2023-03-24,Romance
U2162,B2482,2023-05-11,2023-05-08,Education
U2163,B2456,2023-05-15,2023-05-16,Philosophy
U2164,B2241,2023/01/13,2023-01-14,Fiction
U2165,B2091,2023-05-21,2023-05-29,Self-Help
U2166,B2159,2023/02/23,2023-03-04,Philosophy
U2167,B2290,2023-01-27,,History
U2168,B2350,2023-04-08,2023-04-12,Mystery
U2169,B2458,2023-03-12,2023-03-19,Self-Help
U2170,B2469,2023/03/15,2023-03-23,Philosophy
U2171,B2057,2023-04-15,2023-04-18,Philosophy
U2172,B2178,2023-05-05,2023-05-14,Self-Help
U2173,B2418,2023-03-18,2023-03-20,Science
U2174,B2272,2023-04-19,2023-04-26,Mystery
U2175,B2124,,2023-02-23,Romance
U2176,B2416,2023-04-26,2023-05-03,Self-Help
U2177,B2175,2023-06-08,2023-06-11,Romance
U2178,B2039,2023-04-04,2023-04-14,Self-Help
U2179,B2166,2023-01-27,2023-02-04,Romance
U2180,B2489,2023-01-20,2023-01-22,Fantasy
U2181,B2305,,2023-03-17,Fantasy
U2182,B2454,2023-06-26,2023-06-27,Self-Help
U2183,B2338,2023-04-18,2023-04-23,History
U2184,B2295,2023-02-07,2023-02-13,Mystery
U2185,B2406,2023-04-23,2023-04-29,Education
U2186,B2298,2023-05-17,2023-05-24,Fiction
U2187,B2436,2023-01-12,2023-01-21,Education
U2188,B2000,2023-03-04,2023-03-09,Romance
U2189,B2120,2023-06-19,2023-06-26,Fantasy
U2190,B2364,2023-04-13,2023-04-20,Fantasy
U2191,B2339,2023-04-05,2023-04-09,History
U2192,B2431,2023-04-05,2023-04-10,Philosophy
U2193,B2343,2023-02-01,2023-02-03,History
U2194,B2073,2023/06/14,2023-06-17,Mystery
U2195,B2440,2023-06-20,2023-06-27,Mystery
U2196,B2232,2023-04-18,2023-04-26,Romance
U2197,B2115,2023-04-20,2023-04-21,History
U2198,B2433,2023-06-17,2023-06-22,Technology
U2199,B2279,2023-03-02,2023-03-03,Self-Help
U2200,B2360,2023-01-19,2023-01-27,Philosophy
U2201,B2040,2023-06-24,2023-07-03,History
U2202,B2384,2023-04-17,2023-04-19,Education
U2203,B2312,2023-02-16,2023-02-18,Science
U2204,B2276,2023-03-20,2023-03-21,Self-Help
U2205,B2273,2023-04-15,2023-04-24,Fiction
U2206,B2293,2023-04-12,2023-04-17,Philosophy
U2207,B2018,2023-06-10,2023-06-20,Self-Help
U2208,B2322,2023-05-06,,Mystery
U2209,B2414,2023-01-18,2023-01-10,Self-Help
U2210,B2039,2023-03-05,2023-03-15,Education
U2211,B2439,2023-01-24,2023-01-26,Education
U2212,B2465,2023-06-05,2023-06-13,Self-Help
U2213,B2089,2023-06-08,2023-06-16,Education
U2214,B2270,2023-03-03,2023-03-06,Fiction
U2215,B2420,2023-04-25,2023-05-02,History
U2216,B2121,2023-06-21,2023-06-24,Mystery
U2217,B2375,2023-01-21,2023-01-26,Philosophy
U2218,B2059,2023-02-15,2023-02-22,Fiction
U2219,B2243,2023-02-13,2023-02-20,Romance
U2220,B2074,2023-04-01,2023-04-06,Romance
U2221,B2229,2023-06-11,2023-06-20,Fantasy
U2222,B2021,2023-05-21,2023-05-27,Science
U2223,B2221,2023-06-28,2023-07-03,Self-Help
U2224,B2136,2023-03-21,2023-03-31,Science
U2225,B2395,2023-06-22,2023-07-02,Technology
U2226,B2266,2023-06-23,2023-06-26,Philosophy
U2227,B2005,2023-01-01,2023-01-08,Fiction
U2228,B2350,2023-03-08,2023-03-13,Mystery
U2229,B2017,2023-05-03,2023-05-04,Fiction
U2230,B2336,2023-05-21,2023-05-23,Technology
U2231,B2061,2023-05-05,2023-05-12,Science
U2232,B2460,2023-02-04,2023-02-07,Self-Help
U2233,B2239,2023-06-15,2023-06-20,Science
U2234,B2354,2023-03-06,2023-03-08,Philosophy
U2235,B2031,2023-04-11,2023-04-12,Fantasy
U2236,B2416,2023-02-15,2023-02-17,Education
U2237,B2475,2023-05-13,2023-05-16,Technology
U2238,B2055,2023-05-25,2023-06-01,History
U2239,B2329,2023-04-23,2023-04-28,Science
U2240,B2037,2023-05-24,2023-05-29,Science
U2241,B2009,2023-02-21,2023-02-22,Mystery
U2242,B2340,2023-03-05,2023-03-11,Fantasy
U2243,B2294,2023-05-23,2023-05-31,Fiction
U2244,B2206,2023-05-08,2023-05-09,Science
U2245,B2352,2023-01-19,2023-01-28,Mystery
U2246,B2183,2023-06-10,2023-06-17,Philosophy
U2247,B2187,2023-03-03,2023-03-11,Romance
U2248,B2148,2023-02-18,2023-02-19,Technology
U2249,B2338,2023-03-23,2023-03-30,Technology
U2250,B2322,2023-04-03,2023-04-11,Philosophy
U2251,B2071,2023-02-01,2023-02-11,Fiction
U2252,B2199,2023-05-21,2023-05-26,Science
U2253,B2494,2023-01-02,2023-01-08,Mystery
U2254,B2207,2023-02-26,2023-03-07,Science
U2255,B2347,2023-02-24,2023-03-06,Romance
U2256,B2036,2023-06-05,2023-06-13,Fiction
U2257,B2241,2023-01-08,2023-01-11,Self-Help
U2258,B2463,2023-01-15,2023-01-25,Education
U2259,B2302,2023-01-04,2023-01-12,Science
U2260,B2315,2023-01-26,2023-01-30,Technology
U2261,B2415,2023-03-04,2023-03-14,Fantasy
U2262,B2164,2023-01-19,2023-01-22,Technology
U2263,B2061,2023-02-25,2023-03-04,Education
U2264,B2189,2023-02-15,2023-02-19,Romance
U2265,B2020,2023-01-26,2023-02-05,History
U2266,B2080,2023-04-03,2023-04-04,Fiction
U2267,B2361,2023-03-14,2023-03-22,Self-Help
U2268,B2105,2023-06-09,2023-06-18,History
U2269,B2122,2023-05-23,2023-05-24,History
U2270,B2367,2023-05-03,2023-05-08,Mystery
U2271,B2002,2023-02-07,2023-02-09,Romance
U2272,B2500,2023-05-12,2023-05-21,Science
U2273,B2237,2023-03-02,2023-03-06,Technology
U2274,B2076,2023-04-06,2023-04-09,Mystery
U2275,B2022,2023-06-12,2023-06-17,Fiction
U2276,B2128,2023-05-26,2023-06-03,Philosophy
U2277,B2473,2023-02-06,2023-02-07,Romance
U2278,B2059,2023-02-24,2023-03-04,Science
U2279,B2166,2023-02-24,2023-03-02,Fantasy
U2280,B2056,2023-02-04,2023-02-08,Philosophy
U2281,B2445,2023-04-08,2023-04-10,Technology
U2282,B2248,2023-04-05,2023-04-09,Fiction
U2283,B2232,2023-04-12,2023-04-15,History
U2284,B2099,2023-03-07,2023-03-13,Philosophy
U2285,B2354,2023-01-09,2023-01-12,Self-Help
U2286,B2238,2023-04-06,2023-04-12,Mystery
U2287,B2151,2023-02-26,2023-03-08,Self-Help
U2288,B2295,2023-02-03,2023-02-10,Romance
U2289,B2250,2023-05-16,2023-05-24,Technology
U2290,B2373,2023-06-28,2023-07-02,Fantasy
U2291,B2222,2023-02-19,2023-02-22,Self-Help
U2292,B2459,2023-04-02,2023-04-03,Fiction
U2293,B2375,2023-01-14,2023-01-23,Romance
U2294,B2414,2023-04-16,2023-04-20,Science
U2295,B2354,2023-02-05,2023-02-11,Fantasy
U2296,B2331,2023-01-16,2023-01-21,Science
U2297,B2235,2023-06-19,2023-06-20,Self-Help
U2298,B2237,2023-06-13,2023-06-16,History
U2299,B2189,2023-06-21,2023-06-22,Mystery
U2300,B2036,2023/06/11,2023-06-20,Fantasy
U2301,B2385,2023-06-20,2023-06-29,Education
U2302,B2106,2023-05-11,2023-05-12,Science
U2303,B2465,2023-01-04,2023-01-11,Philosophy
U2304,B2316,2023-03-12,2023-03-15,Fiction
U2305,B2360,2023-05-23,2023-05-27,Science
U2306,B2171,2023-05-04,2023-05-12,Technology
U2307,B2385,2023-06-07,2023-06-11,Self-Help
U2308,B2459,2023-05-22,2023-05-29,Education
U2309,B2032,2023-03-15,2023-03-23,Philosophy
U2310,B2424,2023-04-23,2023-05-02,Science
U2311,B2272,2023-04-20,2023-04-26,Education
U2312,B2484,,2023-02-17,Science
U2313,B2147,2023-01-06,2023-01-11,Science
U2314,B2075,2023-02-28,2023-03-04,Mystery
U2315,B2321,2023-03-14,2023-03-23,Fiction
U2316,B2242,2023-04-15,2023-04-16,Philosophy
U2317,B2032,2023-02-27,2023-03-08,Fiction
U2318,B2210,2023-03-21,2023-03-27,Self-Help
U2319,B2340,2023-05-15,2023-05-23,Romance
U2320,B2067,2023-02-26,2023-03-03,Education
U2321,B2190,2023-01-05,2023-01-11,Education
U2322,B2489,2023-05-06,2023-05-15,History
U2323,B2498,2023-06-23,2023-06-26,History
U2324,B2059,2023-03-19,2023-03-22,Fiction
U2325,B2189,2023-02-18,2023-02-19,History
U2326,B2500,2023-02-12,2023-02-20,Philosophy
U2327,B2083,2023-03-04,2023-03-05,Romance
U2328,B2255,2023-04-14,2023-04-11,History
U2329,B2499,2023-03-21,2023-03-26,Romance
U2330,B2148,2023-06-05,2023-06-15,Self-Help
U2331,B2472,2023-03-23,2023-03-25,Mystery
U2332,B2460,2023-02-22,2023-03-03,Fiction
U2333,B2012,2023-05-27,2023-05-31,Fantasy
U2334,B2047,2023-01-20,2023-01-24,Philosophy
U2335,B2113,2023-02-01,2023-02-03,Education
U2336,B2228,2023-05-13,2023-05-17,Science
U2337,B2308,2023-05-02,2023-05-08,Self-Help
U2338,B2366,2023-03-13,,Fantasy
U2339,B2179,2023/04/28,2023-05-07,Education
U2340,B2379,2023-04-10,2023-04-13,Fantasy
U2341,B2496,2023-06-14,2023-06-17,Fantasy
U2342,B2306,2023-02-07,2023-02-12,Science
U2343,B2444,2023-03-03,2023-03-13,Romance
U2344,B2045,2023-04-21,2023-04-26,Fiction
U2345,B2284,2023-06-19,2023-06-22,Mystery
U2346,B2426,2023-03-18,,Fantasy
U2347,B2427,2023-03-16,2023-03-25,Self-Help
U2348,B2114,2023-01-05,2023-01-10,Fiction
U2349,B2327,2023-01-21,2023-01-26,Mystery
U2350,B2251,2023-01-04,2023-01-09,Technology
U2351,B2496,2023-05-24,2023-05-30,Science
U2352,B2289,2023-03-21,2023-03-29,Fantasy
U2353,B2418,2023-03-17,,Science
U2354,B2083,2023-01-05,2023-01-11,Self-Help
U2355,B2354,2023-03-06,2023-03-07,History
U2356,B2214,2023-01-10,2023-01-15,Philosophy
U2357,B2479,2023-05-07,2023-05-10,Science
U2358,B2306,2023-05-11,2023-05-17,History
U2359,B2350,2023-03-28,2023-03-22,Education
U2360,B2180,2023-01-05,2023-01-14,History
U2361,B2398,2023-04-11,2023-04-14,Mystery
U2362,B2079,2023-02-27,2023-03-03,Romance
U2363,B2286,2023-06-27,2023-07-06,Self-Help
U2364,B2364,2023-06-25,2023-06-27,Romance
U2365,B2469,2023-01-27,2023-01-30,Science
U2366,B2245,2023-03-23,2023-03-29,Philosophy
U2367,B2226,2023-05-25,2023-05-31,Self-Help
U2368,B2155,2023-06-27,2023-06-29,Fiction
U2369,B2438,2023-06-08,2023-06-13,History
U2370,B2066,2023/04/23,2023-04-25,Science
U2371,B2387,2023-01-09,2023-01-07,Fantasy
U2372,B2303,2023-04-04,,Fiction
U2373,B2341,2023-01-26,2023-01-28,Fiction
U2374,B2105,,2023-02-12,Self-Help
U2375,B2433,2023-05-12,2023-05-18,Education
U2376,B2256,2023-02-27,2023-02-17,Self-Help
U2377,B2390,2023-05-07,2023-05-11,Fiction
U2378,B2087,2023-01-24,2023-01-26,Romance
U2379,B2471,2023-06-16,2023-06-22,Romance
U2380,B2094,2023-06-04,2023-06-07,Mystery
U2381,B2194,2023-02-17,2023-02-21,Fantasy
U2382,B2389,2023-01-15,2023-01-17,Philosophy
U2383,B2253,2023-06-10,2023-06-19,Philosophy
U2384,B2042,2023-04-04,2023-04-11,Philosophy
U2385,B2307,2023-06-27,2023-07-05,Education
U2386,B2208,2023-04-07,2023-04-09,Education
U2387,B2410,2023/06/12,2023-06-15,Mystery
U2388,B2344,2023-04-15,2023-04-24,Science
U2389,B2043,2023-02-13,2023-02-20,Science
U2390,B2500,2023-06-06,2023-06-08,Science
U2391,B2101,2023-02-20,2023-02-27,Philosophy
U2392,B2429,2023-06-16,2023-06-21,Fantasy
U2393,B2392,2023-05-09,2023-05-16,Self-Help
U2394,B2341,2023-04-16,2023-04-25,Self-Help
U2395,B2393,2023-01-04,2023-01-09,Mystery
U2396,B2118,2023-01-04,2023-01-05,History
U2397,B2255,2023-02-13,2023-02-23,Fiction
U2398,B2078,2023-05-20,2023-05-22,Education
U2399,B2338,2023-04-26,2023-05-04,Romance
U2400,B2338,2023-04-17,2023-04-22,Mystery
U2401,B2414,2023-05-01,2023-05-02,Romance
U2402,B2450,2023-04-15,2023-04-21,Science
U2403,B2226,2023-01-02,2023-01-05,Mystery
U2404,B2440,2023-06-06,2023-06-14,Education
U2405,B2159,2023-04-25,2023-04-27,Fantasy
U2406,B2251,2023-06-18,2023-06-28,Romance
U2407,B2287,2023-05-02,2023-05-09,History
U2408,B2302,2023-05-22,2023-05-28,Fantasy
U2409,B2145,2023-01-01,,Philosophy
U2410,B2178,2023-01-25,2023-01-31,Self-Help
U2411,B2219,,2023-03-20,Philosophy
U2412,B2126,2023-06-10,2023-06-20,Technology
U2413,B2444,2023-01-11,,Education
U2414,B2019,2023-06-28,2023-07-05,Mystery
U2415,B2461,2023-03-01,2023-03-09,Fantasy
U2416,B2162,2023-05-13,2023-05-19,Fantasy
U2417,B2413,2023-01-23,2023-01-27,Mystery
U2418,B2257,2023-02-20,2023-02-25,Philosophy
U2419,B2223,2023-04-21,2023-04-23,Technology
U2420,B2274,2023-03-09,2023-03-10,Technology
U2421,B2293,2023-02-20,2023-02-22,Fantasy
U2422,B2296,2023-05-16,2023-05-11,Science
U2423,B2243,2023-02-12,2023-02-14,Fantasy
U2424,B2154,2023-03-14,2023-03-23,Romance
U2425,B2212,2023-03-20,2023-03-29,Fantasy
U2426,B2390,2023-02-01,2023-02-10,Romance
U2427,B2295,2023-02-22,2023-03-02,Mystery
U2428,B2326,2023-05-28,2023-06-04,Romance
U2429,B2372,2023-05-07,2023-05-13,Fiction
U2430,B2123,2023-06-22,2023-06-27,History
U2431,B2210,2023-01-21,2023-01-25,Philosophy
U2432,B2136,2023-06-06,2023-06-11,Education
U2433,B2120,2023-02-04,2023-02-07,Fantasy
U2434,B2125,2023-04-16,2023-04-25,Education
U2435,B2216,2023-02-06,2023-02-11,Fiction
U2436,B2132,2023-06-18,2023-06-21,Education
U2437,B2021,2023-01-02,2023-01-04,Mystery
U2438,B2152,2023-04-12,2023-04-14,Science
U2439,B2429,2023-02-04,2023-02-14,History
U2440,B2477,2023-05-22,2023-06-01,Science
U2441,B2476,2023-03-16,2023-03-18,Romance
U2442,B2062,2023-03-27,2023-04-06,Philosophy
U2443,B2412,2023-04-07,2023-04-10,Technology
U2444,B2109,2023-04-14,2023-04-19,Education
U2445,B2028,2023-05-12,2023-05-14,Mystery
U2446,B2216,2023-06-08,2023-06-13,Mystery
U2447,B2479,2023-03-16,2023-03-22,History
U2448,B2010,2023-01-27,2023-01-28,Self-Help
U2449,B2403,2023-03-18,2023-03-25,Technology
U2450,B2490,2023-06-04,2023-06-13,Philosophy
U2451,B2439,2023-04-01,2023-04-08,Mystery
U2452,B2469,2023-03-03,2023-03-07,Education
U2453,B2440,2023-04-21,2023-04-27,History
U2454,B2392,2023-01-09,2023-01-11,Fantasy
U2455,B2481,2023-04-24,2023-05-01,Mystery
U2456,B2170,2023-01-27,2023-01-30,Fantasy
U2457,B2259,2023-03-14,2023-03-24,Science
U2458,B2280,2023-04-23,2023-04-24,Philosophy
U2459,B2328,,2023-06-18,History
U2460,B2321,2023-03-19,2023-03-21,Education
U2461,B2127,2023-06-25,2023-06-28,Romance
U2462,B2351,2023-03-15,2023-03-23,Fantasy
U2463,B2068,2023-02-22,2023-03-04,Education
U2464,B2409,2023-02-03,2023-02-10,Education
U2465,B2201,2023-05-08,2023-05-09,Fantasy
U2466,B2472,2023-06-20,2023-06-24,Romance
U2467,B2498,2023-02-12,2023-02-09,Mystery
U2468,B2219,2023-03-05,2023-03-07,Self-Help
U2469,B2087,2023-01-01,2023-01-10,Self-Help
U2470,B2471,2023-06-16,2023-06-18,Mystery
U2471,B2104,2023-03-10,2023-03-18,Technology
U2472,B2220,2023-05-07,2023-05-12,Technology
U2473,B2096,2023-02-14,,Fantasy
U2474,B2120,2023-04-08,2023-04-14,Self-Help
U2475,B2331,2023-01-01,2023-01-09,Mystery
U2476,B2165,2023-06-07,2023-06-14,Fantasy
U2477,B2376,2023-03-03,2023-03-05,Self-Help
U2478,B2026,2023-02-16,2023-02-22,Philosophy
U2479,B2480,2023-06-25,2023-06-24,Self-Help
U2480,B2317,2023-03-13,2023-03-19,Fantasy
U2481,B2456,2023-01-19,2023-01-22,Romance
U2482,B2257,2023-03-18,2023-03-15,Mystery
U2483,B2221,,2023-03-10,History
U2484,B2255,2023-06-12,2023-06-19,Education
U2485,B2448,2023-05-27,2023-06-01,Education
U2486,B2223,2023-03-24,2023-04-01,History
U2487,B2077,,2023-06-29,Romance
U2488,B2027,2023-02-02,2023-02-10,Technology
U2489,B2361,2023-04-04,,Mystery
U2490,B2363,2023-04-15,2023-04-23,Romance
U2491,B2368,2023-01-12,2023-01-14,History
U2492,B2145,2023-02-24,2023-03-05,History
U2493,B2288,2023-02-19,2023-02-20,Self-Help
U2494,B2292,2023-04-03,2023-04-07,History
U2495,B2346,2023-03-01,2023-03-06,Science
U2496,B2348,2023-04-12,2023-04-22,Science
U2497,B2054,2023-02-01,2023-02-03,Philosophy
U2498,B2362,2023-04-21,2023-04-26,Mystery
U2499,B2002,2023-01-21,2023-01-31,Philosophy
